"Date","Price","Open","High","Low","Vol.","Change %"
"03/20/2025","25,555.0","25,535.0","25,555.0","25,545.0","","0.08%"
"03/19/2025","25,535.0","25,530.0","25,550.0","25,525.0","","0.10%"
"03/18/2025","25,510.0","25,525.0","25,550.0","25,520.0","","0.00%"
"03/17/2025","25,510.0","25,520.0","25,586.0","25,475.0","","0.04%"
"03/14/2025","25,500.0","25,520.0","25,532.5","25,465.0","","0.04%"
"03/13/2025","25,490.0","25,475.0","25,512.5","25,465.0","","0.18%"
"03/12/2025","25,445.0","25,485.0","25,515.0","25,450.0","","-0.02%"
"03/11/2025","25,450.0","25,512.5","25,520.0","25,462.0","","-0.29%"
"03/10/2025","25,525.0","25,515.0","25,568.5","25,510.0","","0.18%"
"03/07/2025","25,480.0","25,449.0","25,552.5","25,435.0","","-0.02%"
"03/06/2025","25,485.0","25,450.0","25,516.5","25,430.0","","-0.02%"
"03/05/2025","25,490.0","25,515.0","25,586.0","25,495.0","","-0.20%"
"03/04/2025","25,540.0","25,580.0","25,596.5","25,555.0","","-0.14%"
"03/03/2025","25,575.0","25,554.0","25,617.5","25,548.0","","0.18%"
"02/28/2025","25,530.0","25,553.5","25,573.0","25,540.0","","0.04%"
"02/27/2025","25,520.0","25,551.5","25,566.0","25,489.5","","-0.06%"
"02/26/2025","25,535.0","25,482.5","25,572.5","25,482.5","","0.06%"
"02/25/2025","25,520.0","25,470.0","25,537.5","25,466.0","","0.20%"
"02/24/2025","25,468.0","25,485.0","25,535.0","25,468.5","","-0.16%"
"02/21/2025","25,510.0","25,480.0","25,545.0","25,475.0","","0.04%"
"02/20/2025","25,500.0","25,525.0","25,574.5","25,515.0","","-0.06%"
"02/19/2025","25,515.0","25,530.0","25,574.5","25,500.0","","0.06%"
"02/18/2025","25,500.0","25,510.0","25,580.0","25,425.0","","0.12%"
"02/17/2025","25,470.0","25,390.0","25,482.5","25,390.0","","0.39%"
"02/14/2025","25,370.0","25,415.0","25,460.5","25,385.0","","-0.28%"
"02/13/2025","25,440.0","25,535.0","25,535.0","25,400.0","","-0.43%"
"02/12/2025","25,550.0","25,490.0","25,607.0","25,490.0","","0.08%"
"02/11/2025","25,530.0","25,420.0","25,540.0","25,420.0","","0.59%"
"02/10/2025","25,380.0","25,375.0","25,405.0","25,367.5","","0.36%"
"02/07/2025","25,290.0","25,340.0","25,342.5","25,282.5","","0.12%"
"02/06/2025","25,260.0","25,165.0","25,275.0","25,147.5","","0.46%"
"02/05/2025","25,145.0","25,195.0","25,195.0","25,115.0","","-0.06%"
"02/04/2025","25,160.0","25,280.0","25,282.5","25,160.0","","-0.47%"
"02/03/2025","25,280.0","25,025.0","25,355.0","25,025.0","","0.88%"
"01/31/2025","25,060.0","25,060.0","25,060.0","25,060.0","","0.00%"
"01/30/2025","25,060.0","25,060.0","25,060.0","25,060.0","","0.00%"
"01/29/2025","25,060.0","25,060.0","25,060.0","25,060.0","","0.00%"
"01/28/2025","25,060.0","25,060.0","25,060.0","25,060.0","","0.00%"
"01/27/2025","25,060.0","25,060.0","25,060.0","25,060.0","","0.00%"
"01/24/2025","25,060.0","25,130.0","25,142.5","25,025.0","","-0.08%"
"01/23/2025","25,080.0","25,050.0","25,157.5","25,005.0","","0.12%"
"01/22/2025","25,050.0","25,255.0","25,270.0","25,075.0","","-0.83%"
"01/21/2025","25,260.0","25,295.0","25,315.0","25,245.0","","-0.22%"
"01/20/2025","25,315.0","25,330.0","25,380.5","25,280.0","","0.00%"
"01/17/2025","25,315.0","25,355.0","25,385.0","25,318.5","","-0.22%"
"01/16/2025","25,370.0","25,387.5","25,388.5","25,372.5","","-0.02%"
"01/15/2025","25,375.0","25,385.0","25,394.0","25,382.0","","-0.02%"
"01/14/2025","25,380.0","25,395.0","25,400.0","25,375.0","","-0.04%"
"01/13/2025","25,390.0","25,375.0","25,433.5","25,370.0","","0.12%"
"01/10/2025","25,360.0","25,382.5","25,385.0","25,367.5","","-0.06%"
"01/09/2025","25,375.0","25,382.5","25,389.0","25,375.0","","0.02%"
"01/08/2025","25,370.0","25,385.0","25,395.0","25,376.0","","0.04%"
"01/07/2025","25,360.0","25,390.5","25,422.5","25,362.5","","-0.04%"
"01/06/2025","25,370.0","25,390.0","25,455.0","25,375.0","","-0.12%"
"01/03/2025","25,400.0","25,460.0","25,462.5","25,422.5","","-0.20%"
"01/02/2025","25,450.0","25,460.0","25,485.0","25,446.5","","-0.12%"
"01/01/2025","25,480.0","25,480.0","25,480.0","25,480.0","","0.00%"
"12/31/2024","25,480.0","25,495.0","25,512.5","25,446.5","","0.02%"
"12/30/2024","25,476.0","25,446.5","25,485.5","25,444.0","","0.12%"
"12/27/2024","25,445.0","25,445.0","25,456.5","25,425.0","","0.08%"
"12/26/2024","25,425.0","25,420.0","25,451.0","25,420.0","","0.02%"
"12/25/2024","25,420.0","25,437.5","25,455.0","25,415.0","","-0.02%"
"12/24/2024","25,425.0","25,450.0","25,465.0","25,432.5","","-0.06%"
"12/23/2024","25,440.0","25,440.0","25,465.0","25,425.5","","-0.02%"
"12/20/2024","25,445.0","25,465.0","25,467.5","25,450.0","","-0.02%"
"12/19/2024","25,450.0","25,465.0","25,469.0","25,450.0","","0.02%"
"12/18/2024","25,445.0","25,445.0","25,457.5","25,395.0","","0.06%"
"12/17/2024","25,430.0","25,392.5","25,440.0","25,346.5","","0.18%"
"12/16/2024","25,385.0","25,390.0","25,405.0","25,346.5","","-0.06%"
"12/13/2024","25,400.0","25,404.5","25,410.0","25,385.0","","0.02%"
"12/12/2024","25,394.0","25,367.5","25,399.0","25,360.0","","0.06%"
"12/11/2024","25,380.0","25,360.0","25,390.0","25,346.5","","0.08%"
"12/10/2024","25,360.0","25,380.0","25,382.5","25,365.0","","-0.04%"
"12/09/2024","25,370.0","25,373.5","25,395.0","25,365.0","","-0.02%"
"12/06/2024","25,375.0","25,395.0","25,396.5","25,366.5","","-0.02%"
"12/05/2024","25,380.0","25,410.0","25,414.0","25,346.5","","-0.08%"
"12/04/2024","25,400.0","25,405.0","25,412.5","25,365.0","","0.02%"
"12/03/2024","25,395.0","25,400.0","25,408.0","25,346.5","","0.08%"
"12/02/2024","25,374.0","25,367.5","25,392.5","25,340.0","","0.12%"
"11/29/2024","25,344.0","25,340.0","25,405.0","25,340.0","","-0.06%"
"11/28/2024","25,358.0","25,355.0","25,407.5","25,327.5","","-0.07%"
"11/27/2024","25,375.0","25,405.0","25,417.5","25,385.0","","-0.12%"
"11/26/2024","25,405.0","25,425.0","25,425.0","25,405.0","","-0.02%"
"11/25/2024","25,410.0","25,415.0","25,425.0","25,388.5","","-0.03%"
"11/22/2024","25,417.0","25,422.5","25,432.5","25,415.0","","0.01%"
"11/21/2024","25,415.0","25,425.0","25,434.0","25,403.5","","0.00%"
"11/20/2024","25,415.0","25,400.0","25,425.0","25,395.0","","0.08%"
"11/19/2024","25,395.0","25,395.0","25,417.5","25,375.0","","-0.04%"
"11/18/2024","25,405.0","25,385.0","25,417.5","25,342.5","","0.10%"
"11/15/2024","25,380.0","25,385.0","25,397.5","25,375.0","","-0.04%"
"11/14/2024","25,390.0","25,375.0","25,405.0","25,335.0","","0.24%"
"11/13/2024","25,330.0","25,350.0","25,363.5","25,295.0","","-0.04%"
"11/12/2024","25,340.0","25,355.0","25,357.5","25,303.5","","0.12%"
"11/11/2024","25,310.0","25,285.0","25,332.5","25,255.0","","0.20%"
"11/08/2024","25,260.0","25,305.0","25,315.0","25,275.0","","-0.36%"
"11/07/2024","25,350.0","25,415.0","25,420.0","25,365.0","","-0.08%"
"11/06/2024","25,370.0","25,380.0","25,417.5","25,355.0","","0.16%"
"11/05/2024","25,330.0","25,322.5","25,365.0","25,290.0","","0.08%"
"11/04/2024","25,310.0","25,280.0","25,335.0","25,267.5","","0.12%"
"11/01/2024","25,280.0","25,280.0","25,345.0","25,260.0","","0.04%"
"10/31/2024","25,270.0","25,330.0","25,350.0","25,275.0","","-0.04%"
"10/30/2024","25,280.0","25,345.0","25,405.0","25,290.0","","-0.06%"
"10/29/2024","25,295.0","25,355.0","25,355.0","25,278.5","","-0.20%"
"10/28/2024","25,345.0","25,400.0","25,435.0","25,350.0","","-0.04%"
"10/25/2024","25,355.0","25,412.5","25,430.0","25,370.0","","-0.12%"
"10/24/2024","25,385.0","25,394.0","25,455.0","25,385.0","","-0.06%"
"10/23/2024","25,400.0","25,415.0","25,432.5","25,375.0","","0.04%"
"10/22/2024","25,390.0","25,390.0","25,405.0","25,360.0","","0.42%"
"10/21/2024","25,285.0","25,165.0","25,305.0","25,165.0","","0.54%"
"10/18/2024","25,150.0","25,225.0","25,275.0","25,165.0","","-0.12%"
"10/17/2024","25,180.0","25,030.0","25,207.5","25,030.0","","0.84%"
"10/16/2024","24,970.0","24,975.0","25,010.0","24,895.0","","0.18%"
"10/15/2024","24,925.0","24,865.0","24,959.0","24,835.0","","0.34%"
"10/14/2024","24,840.0","24,817.0","24,852.5","24,805.0","","0.14%"
"10/11/2024","24,805.0","24,840.0","24,855.5","24,805.0","","-0.10%"
"10/10/2024","24,830.0","24,870.0","24,870.0","24,825.0","","0.00%"
"10/09/2024","24,830.0","24,837.5","24,847.5","24,820.0","","-0.02%"
"10/08/2024","24,835.0","24,845.0","24,855.0","24,831.5","","-0.02%"
"10/07/2024","24,840.0","24,855.0","24,860.0","24,837.5","","0.34%"
"10/04/2024","24,755.0","24,770.0","24,772.5","24,720.0","","0.04%"
"10/03/2024","24,745.0","24,710.0","24,762.5","24,640.0","","0.38%"
"10/02/2024","24,652.0","24,630.0","24,675.0","24,591.0","","0.23%"
"10/01/2024","24,595.0","24,575.0","24,615.0","24,552.5","","0.16%"
"09/30/2024","24,555.0","24,580.0","24,615.0","24,545.0","","-0.14%"
"09/27/2024","24,590.0","24,620.0","24,630.0","24,585.0","","-0.10%"
"09/26/2024","24,615.0","24,625.0","24,640.0","24,552.5","","0.14%"
"09/25/2024","24,580.0","24,545.0","24,605.5","24,536.0","","-0.04%"
"09/24/2024","24,590.0","24,655.0","24,655.0","24,585.0","","-0.10%"
"09/23/2024","24,615.0","24,620.0","24,655.0","24,533.0","","0.10%"
"09/20/2024","24,590.0","24,570.0","24,635.0","24,528.0","","0.10%"
"09/19/2024","24,565.0","24,640.0","24,675.0","24,575.0","","-0.14%"
"09/18/2024","24,600.0","24,655.0","24,687.5","24,611.5","","-0.08%"
"09/17/2024","24,620.0","24,582.0","24,635.0","24,557.5","","0.37%"
"09/16/2024","24,530.0","24,545.0","24,618.0","24,540.0","","0.00%"
"09/13/2024","24,530.0","24,585.0","24,598.0","24,520.0","","-0.18%"
"09/12/2024","24,575.0","24,585.0","24,605.0","24,527.5","","0.10%"
"09/11/2024","24,550.0","24,650.0","24,665.0","24,535.0","","-0.45%"
"09/10/2024","24,660.0","24,700.0","24,705.0","24,620.0","","-0.08%"
"09/09/2024","24,680.0","24,635.0","24,695.0","24,608.5","","0.33%"
"09/06/2024","24,600.0","24,665.0","24,712.5","24,590.0","","-0.53%"
"09/05/2024","24,730.0","24,840.0","24,840.0","24,735.0","","-0.49%"
"09/04/2024","24,852.0","24,885.0","24,897.5","24,850.0","","-0.03%"
"09/03/2024","24,860.0","24,860.0","24,860.0","24,860.0","","0.00%"
"09/02/2024","24,860.0","24,860.0","24,860.0","24,860.0","","0.00%"
"08/30/2024","24,860.0","24,895.0","24,900.0","24,865.5","","-0.04%"
"08/29/2024","24,870.0","24,895.0","24,905.0","24,825.0","","0.06%"
"08/28/2024","24,855.0","24,825.0","24,890.0","24,819.0","","0.14%"
"08/27/2024","24,820.0","24,852.5","24,867.0","24,810.0","","-0.16%"
"08/26/2024","24,860.0","24,890.0","24,948.0","24,855.0","","-0.42%"
"08/23/2024","24,965.0","24,933.0","25,017.5","24,933.0","","0.02%"
"08/22/2024","24,960.0","24,935.0","24,975.0","24,905.0","","0.12%"
"08/21/2024","24,930.0","24,915.0","24,945.0","24,902.5","","0.06%"
"08/20/2024","24,915.0","24,915.0","24,968.5","24,917.5","","-0.18%"
"08/19/2024","24,960.0","25,069.0","25,069.0","24,970.0","","-0.36%"
"08/16/2024","25,050.0","25,070.0","25,086.0","25,035.0","","0.06%"
"08/15/2024","25,035.0","25,040.0","25,095.0","25,027.5","","0.06%"
"08/14/2024","25,020.0","25,083.5","25,125.0","25,035.0","","-0.38%"
"08/13/2024","25,115.0","25,130.0","25,132.5","25,085.0","","-0.02%"
"08/12/2024","25,120.0","25,127.5","25,132.5","25,075.0","","0.12%"
"08/09/2024","25,090.0","25,155.0","25,160.0","25,102.5","","-0.18%"
"08/08/2024","25,135.0","25,160.0","25,162.5","25,105.0","","-0.08%"
"08/07/2024","25,155.0","25,155.0","25,179.0","25,105.0","","0.10%"
"08/06/2024","25,130.0","25,122.5","25,150.0","25,100.0","","0.20%"
"08/05/2024","25,080.0","25,110.0","25,125.0","25,075.0","","-0.50%"
"08/02/2024","25,205.0","25,225.0","25,280.0","25,192.5","","-0.04%"
"08/01/2024","25,215.0","25,215.0","25,252.5","25,190.0","","-0.08%"
"07/31/2024","25,235.0","25,285.0","25,330.0","25,235.0","","-0.16%"
"07/30/2024","25,275.0","25,290.0","25,305.0","25,267.0","","0.00%"
"07/29/2024","25,275.0","25,315.0","25,332.5","25,280.0","","-0.10%"
"07/26/2024","25,300.0","25,335.0","25,339.0","25,294.5","","0.06%"
"07/25/2024","25,285.0","25,350.0","25,377.5","25,295.0","","-0.26%"
"07/24/2024","25,350.0","25,367.5","25,411.5","25,330.0","","-0.02%"
"07/23/2024","25,355.0","25,355.0","25,365.0","25,347.5","","0.12%"
"07/22/2024","25,325.0","25,335.0","25,342.5","25,322.5","","0.04%"
"07/19/2024","25,315.0","25,330.0","25,373.5","25,290.0","","0.02%"
"07/18/2024","25,310.0","25,305.0","25,375.0","25,273.0","","-0.02%"
"07/17/2024","25,315.0","25,380.0","25,380.0","25,322.5","","-0.24%"
"07/16/2024","25,375.0","25,375.0","25,430.0","25,375.0","","0.06%"
"07/15/2024","25,360.0","25,415.0","25,422.5","25,370.0","","-0.20%"
"07/12/2024","25,410.0","25,420.0","25,447.5","25,415.0","","-0.05%"
"07/11/2024","25,423.0","25,422.5","25,430.0","25,416.5","","0.03%"
"07/10/2024","25,415.0","25,420.0","25,447.5","25,414.0","","0.01%"
"07/09/2024","25,413.0","25,415.0","25,452.5","25,413.0","","-0.01%"
"07/08/2024","25,415.0","25,410.0","25,452.5","25,405.0","","0.01%"
"07/05/2024","25,412.0","25,450.0","25,455.5","25,365.0","","-0.15%"
"07/04/2024","25,450.0","25,454.0","25,456.5","25,445.0","","0.00%"
"07/03/2024","25,450.0","25,447.5","25,456.0","25,444.5","","0.00%"
"07/02/2024","25,450.0","25,447.5","25,457.0","25,447.5","","0.00%"
"07/01/2024","25,450.0","25,450.0","25,458.5","25,443.5","","0.02%"
"06/28/2024","25,445.0","25,460.0","25,465.0","25,443.0","","-0.04%"
"06/27/2024","25,455.0","25,470.0","25,470.0","25,457.5","","-0.04%"
"06/26/2024","25,465.0","25,454.5","25,469.0","25,450.5","","0.04%"
"06/25/2024","25,455.0","25,457.5","25,462.5","25,445.0","","0.00%"
"06/24/2024","25,455.0","25,453.0","25,458.5","25,450.5","","0.02%"
"06/21/2024","25,450.0","25,455.0","25,460.0","25,449.0","","0.00%"
"06/20/2024","25,450.0","25,455.0","25,456.5","25,430.0","","0.00%"
"06/19/2024","25,450.0","25,454.0","25,456.0","25,440.0","","0.02%"
"06/18/2024","25,445.0","25,455.0","25,457.5","25,447.0","","-0.02%"
"06/17/2024","25,450.0","25,457.5","25,460.0","25,414.0","","0.00%"
"06/14/2024","25,450.0","25,452.5","25,455.0","25,415.0","","0.06%"
"06/13/2024","25,435.0","25,437.5","25,445.0","25,420.0","","0.00%"
"06/12/2024","25,435.0","25,442.5","25,451.0","25,415.0","","0.00%"
"06/11/2024","25,435.0","25,427.5","25,445.0","25,415.0","","0.08%"
"06/10/2024","25,415.0","25,420.0","25,456.0","25,410.0","","0.06%"
"06/07/2024","25,400.0","25,432.5","25,434.0","25,407.5","","-0.08%"
"06/06/2024","25,420.0","25,425.0","25,432.5","25,404.5","","0.02%"
"06/05/2024","25,415.0","25,415.0","25,424.0","25,405.0","","0.02%"
"06/04/2024","25,410.0","25,412.5","25,430.5","25,405.0","","-0.09%"
"06/03/2024","25,432.0","25,440.0","25,455.5","25,404.5","","-0.03%"
"05/31/2024","25,440.0","25,460.0","25,460.5","25,445.0","","-0.04%"
"05/30/2024","25,450.0","25,458.0","25,460.0","25,450.0","","0.00%"
"05/29/2024","25,450.0","25,457.5","25,460.0","25,447.5","","0.01%"
"05/28/2024","25,448.0","25,472.5","25,473.5","25,445.0","","0.01%"
"05/27/2024","25,445.0","25,450.0","25,475.0","25,448.5","","-0.08%"
"05/24/2024","25,465.0","25,476.0","25,476.5","25,465.0","","-0.02%"
"05/23/2024","25,469.0","25,467.5","25,470.0","25,445.0","","0.02%"
"05/22/2024","25,464.0","25,463.0","25,465.5","25,445.0","","0.01%"
"05/21/2024","25,461.0","25,458.0","25,462.5","25,430.0","","0.04%"
"05/20/2024","25,452.0","25,456.0","25,457.0","25,444.0","","0.02%"
"05/17/2024","25,448.0","25,453.5","25,453.5","25,437.5","","0.07%"
"05/16/2024","25,431.0","25,430.0","25,456.5","25,400.0","","-0.06%"
"05/15/2024","25,445.0","25,450.0","25,457.0","25,445.0","","-0.02%"
"05/14/2024","25,450.0","25,457.5","25,460.0","25,445.0","","-0.01%"
"05/13/2024","25,453.0","25,449.5","25,456.5","25,435.0","","0.01%"
"05/10/2024","25,450.0","25,447.5","25,464.0","25,432.0","","0.04%"
"05/09/2024","25,440.0","25,445.0","25,447.5","25,425.0","","0.06%"
"05/08/2024","25,425.0","25,430.0","25,437.0","25,395.0","","0.10%"
"05/07/2024","25,400.0","25,405.0","25,412.5","25,375.0","","0.12%"
"05/06/2024","25,370.0","25,390.0","25,415.0","25,360.0","","-0.12%"
"05/03/2024","25,400.0","25,415.0","25,423.0","25,407.5","","0.04%"
"05/02/2024","25,390.0","25,360.0","25,405.0","25,320.0","","0.24%"
"05/01/2024","25,330.0","25,330.0","25,330.0","25,330.0","","0.00%"
"04/30/2024","25,330.0","25,330.0","25,330.0","25,330.0","","0.00%"
"04/29/2024","25,330.0","25,330.0","25,330.0","25,330.0","","0.00%"
"04/26/2024","25,330.0","25,355.0","25,375.0","25,317.5","","-0.08%"
"04/25/2024","25,350.0","25,395.0","25,445.0","25,315.0","","-0.22%"
"04/24/2024","25,405.0","25,445.0","25,460.0","25,402.5","","-0.14%"
"04/23/2024","25,440.0","25,460.0","25,464.0","25,445.0","","-0.06%"
"04/22/2024","25,455.0","25,445.0","25,461.5","25,440.0","","0.06%"
"04/19/2024","25,440.0","25,461.0","25,463.0","25,405.0","","0.16%"
"04/18/2024","25,400.0","25,400.0","25,400.0","25,400.0","","0.00%"
"04/17/2024","25,400.0","25,350.0","25,430.0","25,345.0","","0.47%"
"04/16/2024","25,280.0","25,265.0","25,295.0","25,245.0","","0.40%"
"04/15/2024","25,180.0","25,035.0","25,195.0","24,994.5","","0.66%"
"04/12/2024","25,015.0","24,990.0","25,025.0","24,970.0","","0.14%"
"04/11/2024","24,980.0","25,000.0","25,012.5","24,950.0","","0.18%"
"04/10/2024","24,935.0","24,955.0","24,961.0","24,943.0","","-0.04%"
"04/09/2024","24,945.0","24,965.0","25,010.0","24,943.0","","-0.06%"
"04/08/2024","24,960.0","24,930.0","24,975.0","24,930.0","","0.04%"
"04/05/2024","24,950.0","24,970.0","25,005.0","24,949.5","","0.06%"
"04/04/2024","24,935.0","25,000.0","25,014.0","24,920.0","","-0.26%"
"04/03/2024","25,000.0","24,935.0","25,010.0","24,915.0","","0.40%"
"04/02/2024","24,900.0","24,815.0","24,937.5","24,800.0","","0.42%"
"04/01/2024","24,795.0","24,817.5","24,818.5","24,770.0","","-0.06%"
"03/29/2024","24,810.0","24,795.0","24,822.5","24,792.5","","0.08%"
"03/28/2024","24,790.0","24,810.0","24,818.5","24,772.5","","0.02%"
"03/27/2024","24,785.0","24,780.0","24,797.5","24,778.0","","0.06%"
"03/26/2024","24,770.0","24,770.0","24,792.5","24,750.0","","0.12%"
"03/25/2024","24,740.0","24,799.0","24,806.0","24,746.5","","-0.11%"
"03/22/2024","24,768.0","24,805.0","24,821.5","24,756.0","","-0.07%"
"03/21/2024","24,785.0","24,765.0","24,801.5","24,765.0","","0.04%"
"03/20/2024","24,775.0","24,770.0","24,790.0","24,715.0","","0.14%"
"03/19/2024","24,740.0","24,730.0","24,755.0","24,695.0","","0.10%"
"03/18/2024","24,715.0","24,745.0","24,745.0","24,690.0","","0.02%"
"03/15/2024","24,710.0","24,725.0","24,744.0","24,700.0","","0.08%"
"03/14/2024","24,690.0","24,685.0","24,707.5","24,636.5","","0.06%"
"03/13/2024","24,675.0","24,650.0","24,687.5","24,640.0","","0.12%"
"03/12/2024","24,645.0","24,655.0","24,680.0","24,625.0","","0.04%"
"03/11/2024","24,635.0","24,645.0","24,670.0","24,602.5","","-0.02%"
"03/08/2024","24,640.0","24,685.0","24,700.0","24,632.5","","-0.16%"
"03/07/2024","24,680.0","24,642.5","24,715.0","24,642.5","","0.06%"
"03/06/2024","24,665.0","24,707.5","24,721.5","24,642.5","","-0.10%"
"03/05/2024","24,690.0","24,690.0","24,705.0","24,649.5","","0.06%"
"03/04/2024","24,676.0","24,660.0","24,700.0","24,649.5","","0.15%"
"03/01/2024","24,640.0","24,652.5","24,660.0","24,639.0","","0.00%"
"02/29/2024","24,640.0","24,645.0","24,657.5","24,639.0","","0.08%"
"02/28/2024","24,620.0","24,645.0","24,655.0","24,606.0","","-0.02%"
"02/27/2024","24,625.0","24,670.0","24,674.0","24,632.5","","-0.14%"
"02/26/2024","24,660.0","24,650.0","24,707.5","24,640.0","","0.12%"
"02/23/2024","24,630.0","24,610.0","24,660.0","24,597.5","","0.16%"
"02/22/2024","24,590.0","24,555.0","24,615.0","24,552.5","","0.27%"
"02/21/2024","24,525.0","24,532.5","24,550.0","24,490.0","","0.00%"
"02/20/2024","24,525.0","24,545.0","24,550.0","24,527.5","","-0.02%"
"02/19/2024","24,530.0","24,530.0","24,540.0","24,490.0","","0.08%"
"02/16/2024","24,510.0","24,422.5","24,550.0","24,422.5","","0.25%"
"02/15/2024","24,450.0","24,455.0","24,465.0","24,400.0","","0.20%"
"02/14/2024","24,400.0","24,400.0","24,400.0","24,400.0","","0.00%"
"02/13/2024","24,400.0","24,400.0","24,400.0","24,400.0","","0.00%"
"02/12/2024","24,400.0","24,400.0","24,400.0","24,400.0","","0.00%"
"02/09/2024","24,400.0","24,400.0","24,400.0","24,400.0","","0.00%"
"02/08/2024","24,400.0","24,400.0","24,400.0","24,400.0","","0.00%"
"02/07/2024","24,400.0","24,375.0","24,465.0","24,370.0","","0.18%"
"02/06/2024","24,355.0","24,385.0","24,387.5","24,342.5","","-0.06%"
"02/05/2024","24,370.0","24,415.0","24,417.5","24,360.0","","0.14%"
"02/02/2024","24,335.0","24,400.0","24,417.5","24,330.0","","-0.27%"
"02/01/2024","24,400.0","24,414.5","24,430.0","24,362.5","","-0.06%"
"01/31/2024","24,415.0","24,400.0","24,465.0","24,395.0","","0.08%"
"01/30/2024","24,395.0","24,510.0","24,510.0","24,395.0","","-0.55%"
"01/29/2024","24,530.0","24,595.0","24,610.0","24,535.0","","-0.26%"
"01/26/2024","24,595.0","24,620.0","24,625.0","24,600.0","","-0.04%"
"01/25/2024","24,605.0","24,595.0","24,615.0","24,577.5","","0.02%"
"01/24/2024","24,600.0","24,575.0","24,617.5","24,541.0","","0.14%"
"01/23/2024","24,565.0","24,565.0","24,575.0","24,510.0","","0.06%"
"01/22/2024","24,550.0","24,535.0","24,565.0","24,510.0","","0.04%"
"01/19/2024","24,540.0","24,550.0","24,570.0","24,535.0","","-0.02%"
"01/18/2024","24,545.0","24,520.0","24,580.0","24,520.0","","0.06%"
"01/17/2024","24,530.0","24,520.0","24,556.5","24,520.0","","0.12%"
"01/16/2024","24,500.0","24,505.0","24,547.5","24,470.0","","0.12%"
"01/15/2024","24,470.0","24,460.0","24,490.0","24,460.0","","-0.08%"
"01/12/2024","24,490.0","24,495.0","24,535.0","24,480.0","","0.06%"
"01/11/2024","24,475.0","24,455.0","24,492.5","24,445.0","","0.29%"
"01/10/2024","24,405.0","24,370.0","24,420.0","24,345.0","","0.18%"
"01/09/2024","24,360.0","24,350.0","24,392.5","24,337.5","","0.12%"
"01/08/2024","24,330.0","24,370.0","24,390.0","24,327.5","","-0.16%"
"01/05/2024","24,370.0","24,370.0","24,380.0","24,337.0","","0.04%"
"01/04/2024","24,360.0","24,365.0","24,400.0","24,357.5","","-0.04%"
"01/03/2024","24,370.0","24,345.0","24,387.5","24,310.0","","0.18%"
"01/02/2024","24,325.0","24,265.0","24,337.5","24,250.0","","0.27%"
"01/01/2024","24,260.0","24,260.0","24,260.0","24,260.0","","0.00%"
"12/29/2023","24,260.0","24,270.0","24,300.0","24,240.0","","0.10%"
"12/28/2023","24,235.0","24,300.0","24,355.0","24,250.0","","-0.45%"
"12/27/2023","24,345.0","24,375.0","24,391.0","24,315.0","","0.08%"
"12/26/2023","24,325.0","24,250.0","24,335.0","24,210.0","","0.39%"
"12/25/2023","24,230.0","24,220.0","24,265.0","24,180.0","","-0.02%"
"12/22/2023","24,235.0","24,300.0","24,317.5","24,235.0","","-0.35%"
"12/21/2023","24,320.0","24,342.5","24,357.5","24,320.0","","-0.06%"
"12/20/2023","24,335.0","24,330.0","24,349.0","24,275.0","","-0.06%"
"12/19/2023","24,350.0","24,360.0","24,378.0","24,340.0","","0.00%"
"12/18/2023","24,350.0","24,265.0","24,375.0","24,230.0","","0.37%"
"12/15/2023","24,260.0","24,245.0","24,275.0","24,220.0","","0.06%"
"12/14/2023","24,245.0","24,227.5","24,265.0","24,200.0","","-0.14%"
"12/13/2023","24,279.0","24,262.5","24,283.0","24,257.5","","0.08%"
"12/12/2023","24,260.0","24,270.0","24,280.0","24,263.5","","0.04%"
"12/11/2023","24,250.0","24,210.0","24,277.5","24,180.0","","0.12%"
"12/08/2023","24,220.0","24,260.0","24,267.5","24,230.0","","-0.23%"
"12/07/2023","24,275.0","24,280.0","24,290.0","24,267.5","","0.00%"
"12/06/2023","24,274.0","24,280.0","24,305.0","24,263.0","","0.03%"
"12/05/2023","24,266.0","24,255.0","24,283.5","24,237.5","","0.07%"
"12/04/2023","24,250.0","24,280.0","24,295.0","24,225.0","","-0.16%"
"12/01/2023","24,290.0","24,300.0","24,315.0","24,260.0","","0.16%"
"11/30/2023","24,250.0","24,260.0","24,277.5","24,200.0","","-0.04%"
"11/29/2023","24,260.0","24,190.0","24,270.0","24,182.0","","0.12%"
"11/28/2023","24,230.0","24,257.5","24,260.0","24,228.5","","0.00%"
"11/27/2023","24,230.0","24,230.0","24,270.0","24,221.5","","-0.12%"
"11/24/2023","24,260.0","24,260.0","24,282.0","24,210.0","","0.08%"
"11/23/2023","24,240.0","24,210.0","24,247.5","24,165.0","","0.14%"
"11/22/2023","24,205.0","24,145.0","24,217.5","24,142.5","","0.31%"
"11/21/2023","24,130.0","24,110.0","24,172.5","24,097.0","","-0.17%"
"11/20/2023","24,170.0","24,215.0","24,235.0","24,158.0","","-0.33%"
"11/17/2023","24,250.0","24,300.0","24,305.0","24,225.0","","-0.16%"
"11/16/2023","24,288.0","24,288.0","24,312.5","24,274.5","","-0.01%"
"11/15/2023","24,290.0","24,378.0","24,381.0","24,269.0","","-0.27%"
"11/14/2023","24,355.0","24,383.0","24,389.0","24,352.5","","-0.11%"
"11/13/2023","24,383.0","24,320.0","24,395.5","24,320.0","","0.28%"
"11/10/2023","24,315.0","24,380.0","24,380.0","24,305.0","","-0.10%"
"11/09/2023","24,340.0","24,375.0","24,395.0","24,330.0","","-0.12%"
"11/08/2023","24,370.0","24,345.0","24,385.0","24,290.0","","0.25%"
"11/07/2023","24,310.0","24,360.0","24,377.5","24,262.5","","-0.10%"
"11/06/2023","24,335.0","24,565.0","24,565.0","24,315.0","","-0.75%"
"11/03/2023","24,520.0","24,575.0","24,580.0","24,535.0","","-0.20%"
"11/02/2023","24,570.0","24,565.0","24,585.0","24,558.0","","-0.06%"
"11/01/2023","24,585.0","24,575.0","24,593.0","24,560.0","","0.10%"
"10/31/2023","24,560.0","24,555.0","24,573.5","24,551.5","","0.01%"
"10/30/2023","24,558.0","24,570.0","24,590.0","24,555.0","","-0.05%"
"10/27/2023","24,570.0","24,606.0","24,612.0","24,555.0","","-0.08%"
"10/26/2023","24,590.0","24,590.0","24,620.0","24,570.0","","0.12%"
"10/25/2023","24,560.0","24,565.0","24,585.0","24,550.0","","0.04%"
"10/24/2023","24,550.0","24,560.0","24,597.5","24,525.0","","-0.16%"
"10/23/2023","24,590.0","24,535.0","24,617.5","24,485.0","","0.29%"
"10/20/2023","24,520.0","24,565.0","24,582.5","24,480.0","","-0.12%"
"10/19/2023","24,550.0","24,585.0","24,597.5","24,490.0","","-0.02%"
"10/18/2023","24,555.0","24,487.5","24,577.5","24,479.5","","0.27%"
"10/17/2023","24,490.0","24,455.0","24,503.0","24,454.0","","0.12%"
"10/16/2023","24,460.0","24,452.5","24,481.5","24,445.0","","0.08%"
"10/13/2023","24,440.0","24,485.0","24,485.0","24,435.0","","0.02%"
"10/12/2023","24,435.0","24,440.0","24,460.0","24,425.0","","-0.02%"
"10/11/2023","24,440.0","24,402.0","24,455.0","24,380.0","","0.21%"
"10/10/2023","24,390.0","24,392.5","24,425.0","24,372.0","","0.08%"
"10/09/2023","24,370.0","24,367.5","24,402.5","24,352.5","","0.04%"
"10/06/2023","24,360.0","24,375.0","24,426.5","24,363.5","","-0.08%"
"10/05/2023","24,380.0","24,410.0","24,428.0","24,380.0","","-0.16%"
"10/04/2023","24,420.0","24,395.0","24,440.0","24,379.0","","0.14%"
"10/03/2023","24,385.0","24,375.0","24,414.0","24,375.0","","0.18%"
"10/02/2023","24,340.0","24,305.0","24,387.5","24,297.5","","0.25%"
"09/29/2023","24,280.0","24,415.0","24,420.0","24,265.0","","-0.43%"
"09/28/2023","24,385.0","24,435.0","24,445.0","24,390.0","","0.00%"
"09/27/2023","24,385.0","24,435.0","24,437.5","24,374.5","","0.02%"
"09/26/2023","24,380.0","24,352.5","24,442.5","24,352.5","","0.00%"
"09/25/2023","24,380.0","24,340.0","24,397.5","24,325.0","","0.08%"
"09/22/2023","24,360.0","24,320.0","24,375.0","24,285.0","","0.21%"
"09/21/2023","24,310.0","24,295.0","24,335.0","24,255.0","","0.16%"
"09/20/2023","24,270.0","24,372.5","24,380.0","24,285.0","","-0.41%"
"09/19/2023","24,370.0","24,385.0","24,416.5","24,382.5","","0.00%"
"09/18/2023","24,370.0","24,275.0","24,385.0","24,255.0","","0.49%"
"09/15/2023","24,250.0","24,255.0","24,270.0","24,230.5","","0.12%"
"09/14/2023","24,220.0","24,165.0","24,240.0","24,160.0","","0.27%"
"09/13/2023","24,155.0","24,100.0","24,176.5","24,095.0","","0.23%"
"09/12/2023","24,100.0","24,085.0","24,115.0","24,079.0","","0.10%"
"09/11/2023","24,075.0","24,070.0","24,085.0","24,045.0","","0.08%"
"09/08/2023","24,055.0","24,055.0","24,125.0","24,055.0","","-0.02%"
"09/07/2023","24,060.0","24,060.0","24,096.5","24,040.0","","0.02%"
"09/06/2023","24,055.0","24,085.0","24,105.0","23,995.0","","0.02%"
"09/05/2023","24,050.0","24,120.0","24,120.0","24,057.5","","-0.04%"
"09/04/2023","24,060.0","24,060.0","24,060.0","24,060.0","","0.00%"
"09/01/2023","24,060.0","24,060.0","24,060.0","24,060.0","","0.00%"
"08/31/2023","24,060.0","24,100.0","24,122.5","24,055.0","","-0.21%"
"08/30/2023","24,110.0","24,165.0","24,191.5","24,110.0","","-0.29%"
"08/29/2023","24,180.0","24,175.0","24,200.0","24,150.0","","0.42%"
"08/28/2023","24,080.0","23,995.0","24,095.0","23,970.0","","0.23%"
"08/25/2023","24,024.0","24,040.0","24,040.0","23,980.0","","0.12%"
"08/24/2023","23,995.0","23,995.0","24,010.5","23,967.5","","0.04%"
"08/23/2023","23,985.0","24,000.0","24,021.0","23,965.0","","0.27%"
"08/22/2023","23,920.0","23,812.5","23,935.0","23,805.0","","0.48%"
"08/21/2023","23,805.0","23,795.0","23,819.0","23,747.5","","0.00%"
"08/18/2023","23,805.0","23,867.5","23,875.0","23,780.0","","-0.19%"
"08/17/2023","23,850.0","23,965.0","23,975.0","23,865.0","","-0.36%"
"08/16/2023","23,935.0","23,975.0","24,007.5","23,915.0","","-0.13%"
"08/15/2023","23,965.0","23,855.0","23,980.0","23,830.0","","0.63%"
"08/14/2023","23,815.0","23,770.0","23,825.5","23,727.5","","0.27%"
"08/11/2023","23,750.0","23,750.0","23,760.0","23,687.5","","0.04%"
"08/10/2023","23,740.0","23,740.0","23,755.0","23,710.0","","0.02%"
"08/09/2023","23,735.0","23,735.0","23,750.5","23,681.0","","0.02%"
"08/08/2023","23,730.0","23,745.0","23,746.5","23,693.5","","0.04%"
"08/07/2023","23,720.0","23,710.0","23,750.0","23,676.5","","-0.02%"
"08/04/2023","23,725.0","23,750.0","23,763.5","23,684.5","","-0.11%"
"08/03/2023","23,750.0","23,770.0","23,775.5","23,745.0","","0.06%"
"08/02/2023","23,735.0","23,692.5","23,751.5","23,670.0","","0.23%"
"08/01/2023","23,680.0","23,677.5","23,695.0","23,664.5","","0.00%"
"07/31/2023","23,680.0","23,682.5","23,691.5","23,670.0","","-0.02%"
"07/28/2023","23,685.0","23,661.5","23,698.5","23,661.5","","0.10%"
"07/27/2023","23,661.0","23,675.0","23,680.0","23,657.0","","-0.02%"
"07/26/2023","23,665.0","23,667.5","23,682.5","23,661.5","","0.04%"
"07/25/2023","23,655.0","23,677.5","23,723.5","23,654.5","","-0.04%"
"07/24/2023","23,665.0","23,665.0","23,676.5","23,645.5","","0.04%"
"07/21/2023","23,656.0","23,665.0","23,670.0","23,636.5","","0.04%"
"07/20/2023","23,647.0","23,697.5","23,697.5","23,635.5","","0.07%"
"07/19/2023","23,630.0","23,642.5","23,654.5","23,630.0","","-0.02%"
"07/18/2023","23,635.0","23,635.0","23,650.5","23,625.0","","0.02%"
"07/17/2023","23,630.0","23,645.0","23,672.0","23,625.0","","0.00%"
"07/14/2023","23,630.0","23,660.0","23,665.0","23,627.5","","-0.15%"
"07/13/2023","23,665.0","23,630.0","23,677.5","23,625.0","","0.02%"
"07/12/2023","23,660.0","23,700.0","23,700.0","23,655.0","","-0.13%"
"07/11/2023","23,690.0","23,635.0","23,715.0","23,628.5","","0.21%"
"07/10/2023","23,640.0","23,630.0","23,672.5","23,603.0","","0.02%"
"07/07/2023","23,635.0","23,712.5","23,717.5","23,640.0","","-0.32%"
"07/06/2023","23,710.0","23,772.5","23,772.5","23,710.0","","-0.15%"
"07/05/2023","23,745.0","23,717.5","23,790.0","23,717.5","","0.19%"
"07/04/2023","23,700.0","23,690.0","23,710.0","23,655.0","","0.02%"
"07/03/2023","23,695.0","23,546.5","23,710.0","23,546.5","","0.51%"
"06/30/2023","23,575.0","23,585.0","23,596.5","23,530.0","","0.03%"
"06/29/2023","23,569.0","23,580.0","23,583.5","23,532.5","","0.06%"
"06/28/2023","23,555.0","23,537.5","23,562.5","23,526.5","","0.15%"
"06/27/2023","23,520.0","23,539.0","23,541.5","23,515.0","","-0.04%"
"06/26/2023","23,530.0","23,525.0","23,540.0","23,490.0","","0.06%"
"06/23/2023","23,515.0","23,520.0","23,527.5","23,497.5","","0.00%"
"06/22/2023","23,515.0","23,502.5","23,527.5","23,502.0","","0.04%"
"06/21/2023","23,505.0","23,525.0","23,531.5","23,510.0","","-0.06%"
"06/20/2023","23,520.0","23,536.0","23,536.0","23,517.5","","0.00%"
"06/19/2023","23,520.0","23,530.5","23,531.5","23,506.0","","0.00%"
"06/16/2023","23,520.0","23,530.0","23,542.5","23,512.5","","-0.02%"
"06/15/2023","23,525.0","23,512.5","23,546.5","23,479.5","","0.11%"
"06/14/2023","23,500.0","23,505.5","23,514.0","23,503.0","","0.02%"
"06/13/2023","23,495.0","23,498.0","23,504.0","23,482.5","","0.06%"
"06/12/2023","23,480.0","23,472.5","23,488.5","23,470.5","","0.04%"
"06/09/2023","23,470.0","23,487.5","23,495.0","23,477.0","","-0.09%"
"06/08/2023","23,490.0","23,487.5","23,499.0","23,482.5","","0.02%"
"06/07/2023","23,485.0","23,485.0","23,492.5","23,476.5","","0.00%"
"06/06/2023","23,485.0","23,495.0","23,500.0","23,470.0","","-0.04%"
"06/05/2023","23,495.0","23,487.5","23,508.5","23,472.5","","0.09%"
"06/02/2023","23,475.0","23,480.0","23,483.5","23,455.0","","-0.04%"
"06/01/2023","23,485.0","23,491.0","23,492.5","23,476.5","","0.00%"
"05/31/2023","23,485.0","23,485.0","23,497.5","23,485.0","","0.02%"
"05/30/2023","23,480.0","23,477.5","23,492.0","23,472.5","","0.06%"
"05/29/2023","23,465.0","23,482.5","23,484.0","23,465.0","","-0.04%"
"05/26/2023","23,475.0","23,477.5","23,485.0","23,472.5","","0.02%"
"05/25/2023","23,470.0","23,485.0","23,492.5","23,469.0","","0.00%"
"05/24/2023","23,470.0","23,495.0","23,510.0","23,445.0","","0.00%"
"05/23/2023","23,470.0","23,444.0","23,482.5","23,442.5","","0.14%"
"05/22/2023","23,438.0","23,455.0","23,467.5","23,438.0","","-0.09%"
"05/19/2023","23,460.0","23,465.0","23,546.0","23,427.5","","0.04%"
"05/18/2023","23,450.0","23,455.0","23,460.0","23,411.0","","0.00%"
"05/17/2023","23,450.0","23,455.0","23,455.5","23,446.5","","0.00%"
"05/16/2023","23,450.0","23,457.0","23,472.5","23,449.0","","-0.03%"
"05/15/2023","23,458.0","23,464.0","23,471.5","23,446.5","","0.03%"
"05/12/2023","23,450.0","23,460.0","23,475.0","23,455.0","","-0.06%"
"05/11/2023","23,465.0","23,470.0","23,475.0","23,462.5","","0.00%"
"05/10/2023","23,465.0","23,467.5","23,475.0","23,449.5","","0.02%"
"05/09/2023","23,460.0","23,452.5","23,469.0","23,448.0","","0.07%"
"05/08/2023","23,443.0","23,450.0","23,460.0","23,444.0","","0.01%"
"05/05/2023","23,440.0","23,452.5","23,455.0","23,445.0","","-0.02%"
"05/04/2023","23,445.0","23,452.5","23,457.5","23,444.5","","-0.02%"
"05/03/2023","23,450.0","23,450.0","23,450.0","23,450.0","","0.00%"
"05/02/2023","23,450.0","23,450.0","23,450.0","23,450.0","","0.00%"
"05/01/2023","23,450.0","23,450.0","23,450.0","23,450.0","","0.00%"
"04/28/2023","23,450.0","23,455.0","23,483.0","23,451.0","","0.02%"
"04/27/2023","23,445.0","23,475.0","23,492.5","23,455.0","","-0.09%"
"04/26/2023","23,465.0","23,492.5","23,495.0","23,472.5","","-0.03%"
"04/25/2023","23,473.0","23,480.0","23,496.0","23,473.0","","-0.09%"
"04/24/2023","23,494.0","23,490.0","23,497.0","23,477.5","","0.04%"
"04/21/2023","23,485.0","23,492.5","23,508.5","23,450.0","","-0.01%"
"04/20/2023","23,488.0","23,500.0","23,562.5","23,482.5","","-0.10%"
"04/19/2023","23,511.0","23,517.5","23,518.0","23,452.0","","0.03%"
"04/18/2023","23,505.0","23,510.0","23,517.0","23,472.5","","0.09%"
"04/17/2023","23,485.0","23,455.0","23,495.0","23,446.5","","0.19%"
"04/14/2023","23,440.0","23,445.5","23,451.0","23,442.5","","0.00%"
"04/13/2023","23,440.0","23,447.0","23,453.5","23,440.0","","-0.01%"
"04/12/2023","23,442.0","23,450.0","23,454.5","23,445.0","","-0.01%"
"04/11/2023","23,445.0","23,447.0","23,457.0","23,444.0","","0.02%"
"04/10/2023","23,440.0","23,450.0","23,452.5","23,442.0","","-0.01%"
"04/07/2023","23,442.0","23,450.0","23,460.0","23,444.5","","-0.04%"
"04/06/2023","23,451.0","23,457.5","23,475.0","23,447.5","","-0.06%"
"04/05/2023","23,465.0","23,470.0","23,497.5","23,455.0","","0.02%"
"04/04/2023","23,460.0","23,485.0","23,495.0","23,456.0","","-0.04%"
"04/03/2023","23,470.0","23,465.0","23,515.0","23,456.0","","0.09%"
"03/31/2023","23,450.0","23,472.5","23,510.0","23,456.0","","-0.09%"
"03/30/2023","23,470.0","23,480.0","23,490.0","23,470.0","","-0.04%"
"03/29/2023","23,480.0","23,515.0","23,515.0","23,481.0","","0.00%"
"03/28/2023","23,480.0","23,517.0","23,521.0","23,492.5","","-0.09%"
"03/27/2023","23,500.0","23,515.0","23,532.5","23,510.0","","-0.04%"
"03/24/2023","23,510.0","23,515.0","23,525.0","23,495.0","","0.09%"
"03/23/2023","23,490.0","23,505.0","23,520.0","23,490.0","","-0.09%"
"03/22/2023","23,510.0","23,565.0","23,570.0","23,490.0","","-0.25%"
"03/21/2023","23,570.0","23,590.0","23,595.0","23,577.5","","0.00%"
"03/20/2023","23,570.0","23,590.0","23,590.0","23,576.0","","0.00%"
"03/17/2023","23,570.0","23,585.0","23,607.5","23,575.0","","0.04%"
"03/16/2023","23,560.0","23,582.5","23,587.5","23,562.5","","-0.02%"
"03/15/2023","23,565.0","23,585.0","23,602.5","23,572.5","","-0.02%"
"03/14/2023","23,570.0","23,580.0","23,610.0","23,567.5","","0.00%"
"03/13/2023","23,570.0","23,675.0","23,675.0","23,537.5","","-0.38%"
"03/10/2023","23,660.0","23,695.0","23,705.0","23,675.0","","-0.08%"
"03/09/2023","23,680.0","23,725.0","23,756.0","23,695.0","","-0.13%"
"03/08/2023","23,710.0","23,725.0","23,757.5","23,695.0","","0.30%"
"03/07/2023","23,640.0","23,635.0","23,667.5","23,600.0","","-0.04%"
"03/06/2023","23,650.0","23,725.0","23,733.0","23,657.5","","-0.25%"
"03/03/2023","23,710.0","23,730.0","23,738.5","23,715.0","","0.04%"
"03/02/2023","23,700.0","23,715.0","23,735.0","23,699.5","","-0.04%"
"03/01/2023","23,710.0","23,745.0","23,790.0","23,720.0","","-0.13%"
"02/28/2023","23,740.0","23,795.0","23,807.5","23,760.0","","-0.27%"
"02/27/2023","23,805.0","23,825.0","23,835.0","23,788.0","","0.11%"
"02/24/2023","23,780.0","23,830.0","23,847.5","23,771.0","","-0.15%"
"02/23/2023","23,815.0","23,870.0","23,870.0","23,750.0","","0.15%"
"02/22/2023","23,780.0","23,735.0","23,805.0","23,735.0","","0.32%"
"02/21/2023","23,705.0","23,740.0","23,805.0","23,695.0","","-0.08%"
"02/20/2023","23,725.0","23,830.0","23,855.0","23,690.0","","-0.36%"
"02/17/2023","23,810.0","23,780.0","23,835.0","23,755.0","","0.55%"
"02/16/2023","23,680.0","23,640.0","23,707.5","23,607.5","","0.28%"
"02/15/2023","23,615.0","23,610.0","23,641.5","23,605.0","","0.06%"
"02/14/2023","23,600.0","23,605.0","23,622.5","23,590.0","","0.02%"
"02/13/2023","23,595.0","23,590.0","23,610.0","23,561.0","","0.13%"
"02/10/2023","23,565.0","23,575.0","23,630.0","23,565.0","","0.02%"
"02/09/2023","23,560.0","23,610.0","23,640.0","23,565.0","","-0.13%"
"02/08/2023","23,590.0","23,625.0","23,634.5","23,587.5","","-0.04%"
"02/07/2023","23,600.0","23,505.0","23,615.0","23,505.0","","0.51%"
"02/06/2023","23,480.0","23,451.0","23,505.0","23,450.5","","0.17%"
"02/03/2023","23,440.0","23,447.5","23,505.0","23,444.0","","-0.04%"
"02/02/2023","23,449.0","23,449.0","23,454.5","23,442.5","","0.04%"
"02/01/2023","23,440.0","23,449.0","23,495.0","23,445.0","","-0.02%"
"01/31/2023","23,445.0","23,450.0","23,476.0","23,445.0","","-0.11%"
"01/30/2023","23,470.0","23,475.0","23,477.5","23,447.5","","0.04%"
"01/27/2023","23,460.0","23,485.0","23,485.0","23,445.0","","0.09%"
"01/26/2023","23,440.0","23,440.0","23,440.0","23,440.0","","0.00%"
"01/25/2023","23,440.0","23,440.0","23,440.0","23,440.0","","0.00%"
"01/24/2023","23,440.0","23,440.0","23,440.0","23,440.0","","0.00%"
"01/23/2023","23,440.0","23,440.0","23,440.0","23,440.0","","0.00%"
"01/20/2023","23,440.0","23,440.0","23,440.0","23,440.0","","0.00%"
"01/19/2023","23,440.0","23,450.0","23,485.0","23,435.0","","0.01%"
"01/18/2023","23,437.0","23,435.0","23,470.0","23,430.0","","0.04%"
"01/17/2023","23,427.0","23,439.0","23,450.0","23,430.0","","-0.08%"
"01/16/2023","23,445.0","23,440.0","23,450.0","23,427.5","","0.04%"
"01/13/2023","23,435.0","23,442.5","23,450.5","23,439.5","0.02K","-0.01%"
"01/12/2023","23,438.0","23,445.0","23,460.0","23,441.0","0.02K","-0.01%"
"01/11/2023","23,440.0","23,449.0","23,465.0","23,444.5","0.02K","-0.02%"
"01/10/2023","23,445.0","23,450.0","23,482.5","23,447.5","0.02K","-0.01%"
"01/09/2023","23,447.0","23,470.0","23,485.0","23,452.0","0.02K","-0.06%"
"01/06/2023","23,460.0","23,485.0","23,515.0","23,460.0","0.02K","-0.06%"
"01/05/2023","23,475.0","23,520.0","23,522.5","23,470.0","0.03K","-0.15%"
"01/04/2023","23,510.0","23,530.0","23,562.5","23,504.0","0.03K","-0.02%"
"01/03/2023","23,515.0","23,575.0","23,590.0","23,490.0","0.04K","-0.40%"
"01/02/2023","23,610.0","23,610.0","23,610.0","23,610.0","","0.00%"
"12/30/2022","23,610.0","23,620.0","23,645.0","23,555.0","0.02K","0.04%"
"12/29/2022","23,600.0","23,640.0","23,675.0","23,620.0","0.03K","-0.08%"
"12/28/2022","23,620.0","23,600.0","23,642.5","23,577.5","0.04K","0.17%"
"12/27/2022","23,580.0","23,605.0","23,630.0","23,565.0","0.03K","-0.04%"
"12/26/2022","23,590.0","23,605.0","23,657.5","23,587.5","0.03K","0.13%"
"12/23/2022","23,560.0","23,640.0","23,675.0","23,570.0","0.03K","-0.30%"
"12/22/2022","23,630.0","23,715.0","23,745.0","23,647.5","0.05K","-0.30%"
"12/21/2022","23,700.0","23,740.0","23,760.0","23,692.0","0.03K","-0.13%"
"12/20/2022","23,730.0","23,785.0","23,855.0","23,730.0","0.06K","0.13%"
"12/19/2022","23,700.0","23,605.0","23,715.0","23,590.0","0.02K","0.51%"
"12/16/2022","23,580.0","23,555.0","23,610.0","23,525.0","0.03K","0.34%"
"12/15/2022","23,500.0","23,545.0","23,592.5","23,492.5","0.03K","-0.09%"
"12/14/2022","23,520.0","23,525.0","23,575.0","23,475.0","0.04K","-0.34%"
"12/13/2022","23,600.0","23,705.0","23,705.0","23,575.0","0.04K","-0.34%"
"12/12/2022","23,680.0","23,575.0","23,705.0","23,525.0","0.04K","0.55%"
"12/09/2022","23,550.0","23,625.0","23,625.0","23,515.0","0.02K","-0.97%"
"12/08/2022","23,780.0","23,895.0","23,930.0","23,805.0","0.03K","-0.50%"
"12/07/2022","23,900.0","24,000.0","24,015.0","23,825.5","0.05K","-0.33%"
"12/06/2022","23,980.0","24,025.0","24,095.0","24,000.0","0.03K","0.00%"
"12/05/2022","23,980.0","24,115.0","24,125.0","23,925.0","0.03K","-1.52%"
"12/02/2022","24,350.0","24,455.0","24,455.0","24,362.5","0.01K","-0.61%"
"12/01/2022","24,500.0","24,530.0","24,550.0","24,490.0","0.03K","-0.53%"
"11/30/2022","24,630.0","24,740.0","24,741.5","24,635.0","0.04K","-0.48%"
"11/29/2022","24,750.0","24,765.0","24,795.0","24,720.0","0.03K","-0.08%"
"11/28/2022","24,770.0","24,780.0","24,826.5","24,767.5","0.02K","0.04%"
"11/25/2022","24,760.0","24,835.0","24,853.5","24,755.0","0.03K","-0.29%"
"11/24/2022","24,833.0","24,845.0","24,851.5","24,835.0","0.02K","-0.04%"
"11/23/2022","24,844.0","24,840.0","24,852.5","24,839.5","0.02K","-0.02%"
"11/22/2022","24,850.0","24,845.0","24,854.5","24,822.5","0.01K","0.06%"
"11/21/2022","24,835.0","24,817.5","24,842.5","24,795.0","0.02K","0.14%"
"11/18/2022","24,800.0","24,800.0","24,816.0","24,790.0","0.03K","-0.02%"
"11/17/2022","24,805.0","24,785.0","24,836.0","24,782.5","0.03K","0.12%"
"11/16/2022","24,775.0","24,771.5","24,807.5","24,764.0","0.03K","0.04%"
"11/15/2022","24,765.0","24,765.0","24,848.5","24,760.0","0.04K","0.12%"
"11/14/2022","24,735.0","24,810.0","24,830.0","24,735.0","0.04K","-0.28%"
"11/11/2022","24,805.0","24,855.0","24,869.0","24,800.0","0.04K","-0.24%"
"11/10/2022","24,865.0","24,860.0","24,872.0","24,855.0","0.02K","0.01%"
"11/09/2022","24,862.0","24,861.0","24,873.5","24,860.5","0.01K","-0.04%"
"11/08/2022","24,871.0","24,861.0","24,871.5","24,861.0","0.01K","0.00%"
"11/07/2022","24,870.0","24,864.0","24,874.5","24,840.0","0.02K","0.00%"
"11/04/2022","24,870.0","24,867.0","24,883.0","24,840.0","0.02K","0.04%"
"11/03/2022","24,860.0","24,859.0","24,872.5","24,855.0","0.02K","0.10%"
"11/02/2022","24,835.0","24,860.0","24,872.5","24,840.0","0.02K","-0.06%"
"11/01/2022","24,850.0","24,855.0","24,875.0","24,822.5","0.02K","0.04%"
"10/31/2022","24,840.0","24,830.0","24,860.0","24,830.0","0.03K","0.08%"
"10/28/2022","24,820.0","24,850.0","24,850.0","24,812.5","0.03K","-0.04%"
"10/27/2022","24,830.0","24,830.0","24,851.0","24,810.0","0.03K","0.00%"
"10/26/2022","24,830.0","24,855.0","24,862.5","24,832.5","0.03K","-0.04%"
"10/25/2022","24,840.0","24,850.0","24,867.5","24,825.0","0.02K","0.04%"
"10/24/2022","24,830.0","24,855.0","24,872.5","24,810.0","0.01K","0.04%"
"10/21/2022","24,820.0","24,555.0","24,845.0","24,552.5","0.03K","1.18%"
"10/20/2022","24,530.0","24,455.0","24,564.0","24,455.0","0.03K","0.33%"
"10/19/2022","24,450.0","24,450.0","24,580.0","24,445.0","0.04K","0.08%"
"10/18/2022","24,430.0","24,340.0","24,445.0","24,325.0","0.04K","0.49%"
"10/17/2022","24,310.0","24,135.0","24,355.0","24,135.0","0.04K","0.83%"
"10/14/2022","24,110.0","24,105.0","24,183.5","24,100.0","0.03K","-0.04%"
"10/13/2022","24,120.0","23,965.0","24,155.0","23,965.0","0.05K","0.73%"
"10/12/2022","23,945.0","23,935.0","23,977.5","23,891.5","0.04K","0.08%"
"10/11/2022","23,925.0","23,887.5","23,942.5","23,885.0","0.04K","0.23%"
"10/10/2022","23,870.0","23,890.0","23,895.0","23,877.5","0.03K","-0.02%"
"10/07/2022","23,875.0","23,885.0","23,895.0","23,860.0","0.03K","0.02%"
"10/06/2022","23,870.0","23,875.0","23,887.5","23,825.0","0.03K","0.02%"
"10/05/2022","23,865.0","23,835.0","23,907.5","23,835.0","0.03K","-0.04%"
"10/04/2022","23,875.0","23,872.5","23,907.5","23,860.0","0.04K","-0.02%"
"10/03/2022","23,880.0","23,835.0","23,913.5","23,835.0","0.05K","0.10%"
"09/30/2022","23,855.0","23,825.0","23,887.5","23,815.0","0.04K","0.15%"
"09/29/2022","23,820.0","23,741.0","23,860.0","23,741.0","0.04K","0.38%"
"09/28/2022","23,730.0","23,732.5","23,782.5","23,731.0","0.04K","0.00%"
"09/27/2022","23,730.0","23,727.5","23,740.5","23,722.5","0.03K","0.06%"
"09/26/2022","23,715.0","23,740.0","23,742.5","23,707.5","0.04K","0.06%"
"09/23/2022","23,700.0","23,715.0","23,715.0","23,704.5","0.02K","0.00%"
"09/22/2022","23,700.0","23,710.0","23,715.0","23,702.5","0.03K","0.04%"
"09/21/2022","23,690.0","23,680.0","23,698.5","23,667.5","0.03K","0.08%"
"09/20/2022","23,670.0","23,675.0","23,682.0","23,667.0","0.02K","0.00%"
"09/19/2022","23,670.0","23,660.0","23,681.0","23,645.0","0.04K","0.08%"
"09/16/2022","23,650.0","23,645.0","23,672.5","23,590.0","0.03K","0.13%"
"09/15/2022","23,620.0","23,600.0","23,630.0","23,595.0","0.04K","0.13%"
"09/14/2022","23,590.0","23,590.0","23,607.5","23,582.5","0.04K","0.16%"
"09/13/2022","23,553.0","23,535.0","23,560.0","23,520.0","0.04K","0.14%"
"09/12/2022","23,520.0","23,522.5","23,570.0","23,511.0","0.03K","0.02%"
"09/09/2022","23,515.0","23,550.0","23,620.0","23,522.5","0.04K","-0.11%"
"09/08/2022","23,542.0","23,600.0","23,632.5","23,510.0","0.07K","-0.16%"
"09/07/2022","23,580.0","23,547.5","23,635.0","23,530.0","0.05K","0.26%"
"09/06/2022","23,520.0","23,530.0","23,552.5","23,475.0","0.02K","0.06%"
"09/05/2022","23,505.0","23,470.0","23,567.5","23,445.0","0.04K","0.23%"
"09/02/2022","23,450.0","23,450.0","23,450.0","23,450.0","","0.00%"
"09/01/2022","23,450.0","23,450.0","23,450.0","23,450.0","","0.00%"
"08/31/2022","23,450.0","23,435.0","23,467.5","23,420.0","0.03K","0.15%"
"08/30/2022","23,415.0","23,435.0","23,435.0","23,402.5","0.04K","-0.06%"
"08/29/2022","23,430.0","23,420.0","23,445.0","23,397.0","0.05K","0.08%"
"08/26/2022","23,412.0","23,425.0","23,440.5","23,411.5","0.03K","-0.05%"
"08/25/2022","23,423.0","23,440.0","23,460.0","23,415.0","0.04K","-0.01%"
"08/24/2022","23,425.0","23,435.0","23,489.0","23,405.0","0.08K","-0.02%"
"08/23/2022","23,430.0","23,420.0","23,435.0","23,405.0","0.03K","0.09%"
"08/22/2022","23,410.0","23,405.0","23,415.0","23,401.0","0.02K","0.04%"
"08/19/2022","23,400.0","23,406.0","23,406.0","23,398.5","0.02K","0.00%"
"08/18/2022","23,401.0","23,405.0","23,406.0","23,394.5","0.03K","0.00%"
"08/17/2022","23,401.0","23,408.0","23,413.0","23,397.5","0.03K","-0.01%"
"08/16/2022","23,403.0","23,410.0","23,413.5","23,385.0","0.03K","0.01%"
"08/15/2022","23,400.0","23,400.0","23,408.5","23,393.5","0.03K","0.03%"
"08/12/2022","23,392.0","23,398.0","23,404.5","23,380.0","0.03K","0.01%"
"08/11/2022","23,390.0","23,385.0","23,395.0","23,380.0","0.02K","0.02%"
"08/10/2022","23,385.0","23,390.0","23,394.5","23,384.5","0.02K","0.00%"
"08/09/2022","23,385.0","23,390.0","23,401.5","23,387.5","0.03K","-0.01%"
"08/08/2022","23,388.0","23,395.0","23,398.5","23,385.0","0.02K","0.01%"
"08/05/2022","23,385.0","23,395.0","23,412.5","23,372.5","0.03K","-0.03%"
"08/04/2022","23,393.0","23,405.0","23,416.5","23,375.5","0.03K","0.00%"
"08/03/2022","23,394.0","23,357.5","23,402.5","23,356.0","0.04K","0.18%"
"08/02/2022","23,353.0","23,362.0","23,381.5","23,347.5","0.03K","-0.01%"
"08/01/2022","23,355.0","23,345.0","23,364.0","23,341.0","0.04K","0.09%"
"07/29/2022","23,335.0","23,372.5","23,401.5","23,340.0","0.03K","-0.10%"
"07/28/2022","23,358.0","23,370.0","23,380.0","23,354.5","0.04K","-0.07%"
"07/27/2022","23,375.0","23,355.0","23,383.5","23,355.0","0.03K","0.02%"
"07/26/2022","23,370.0","23,385.0","23,387.5","23,350.0","0.04K","-0.06%"
"07/25/2022","23,385.0","23,395.0","23,409.5","23,385.0","0.02K","-0.06%"
"07/22/2022","23,400.0","23,415.0","23,427.5","23,397.5","0.03K","-0.04%"
"07/21/2022","23,410.0","23,415.0","23,429.5","23,382.5","0.03K","0.00%"
"07/20/2022","23,410.0","23,435.0","23,443.5","23,412.0","0.03K","-0.01%"
"07/19/2022","23,412.0","23,460.0","23,460.0","23,401.5","0.04K","-0.12%"
"07/18/2022","23,440.0","23,435.0","23,447.5","23,401.5","0.02K","-0.04%"
"07/15/2022","23,450.0","23,420.0","23,455.0","23,401.5","0.05K","0.15%"
"07/14/2022","23,415.0","23,395.0","23,420.0","23,340.0","0.03K","0.12%"
"07/13/2022","23,388.0","23,395.0","23,399.0","23,379.5","0.02K","0.00%"
"07/12/2022","23,389.0","23,363.0","23,394.0","23,363.0","0.03K","0.18%"
"07/11/2022","23,347.0","23,355.0","23,357.5","23,330.0","0.04K","-0.03%"
"07/08/2022","23,355.0","23,380.0","23,384.5","23,339.0","0.04K","0.02%"
"07/07/2022","23,350.0","23,375.0","23,388.0","23,350.0","0.04K","-0.10%"
"07/06/2022","23,373.0","23,370.0","23,380.0","23,363.0","0.04K","0.06%"
"07/05/2022","23,360.0","23,358.0","23,375.0","23,353.0","0.03K","0.11%"
"07/04/2022","23,335.0","23,345.0","23,377.5","23,317.5","0.04K","0.15%"
"07/01/2022","23,300.0","23,265.0","23,320.0","23,260.0","0.04K","0.19%"
"06/30/2022","23,255.0","23,270.0","23,292.5","23,237.5","0.05K","-0.04%"
"06/29/2022","23,265.0","23,260.0","23,270.0","23,238.0","0.05K","0.04%"
"06/28/2022","23,255.0","23,248.0","23,262.0","23,204.0","0.03K","0.04%"
"06/27/2022","23,245.0","23,245.0","23,256.5","23,245.0","0.02K","-0.01%"
"06/24/2022","23,247.0","23,250.0","23,259.0","23,237.5","0.03K","0.01%"
"06/23/2022","23,244.0","23,236.5","23,256.0","23,225.0","0.03K","0.04%"
"06/22/2022","23,235.0","23,234.0","23,246.0","23,225.0","0.03K","0.04%"
"06/21/2022","23,226.0","23,227.0","23,241.5","23,222.5","0.03K","-0.02%"
"06/20/2022","23,230.0","23,193.0","23,250.0","23,193.0","0.03K","0.04%"
"06/17/2022","23,220.0","23,240.0","23,245.0","23,224.5","0.03K","-0.05%"
"06/16/2022","23,232.0","23,240.0","23,242.5","23,219.0","0.04K","0.01%"
"06/15/2022","23,230.0","23,218.0","23,235.0","23,217.5","0.03K","0.09%"
"06/14/2022","23,210.0","23,210.0","23,250.0","23,201.0","0.04K","0.06%"
"06/13/2022","23,195.0","23,188.0","23,212.5","23,170.0","0.03K","0.08%"
"06/10/2022","23,177.0","23,160.0","23,193.0","23,160.0","0.03K","0.10%"
"06/09/2022","23,155.0","23,192.0","23,192.0","23,160.0","0.03K","-0.14%"
"06/08/2022","23,187.0","23,190.0","23,193.0","23,187.5","0.02K","0.01%"
"06/07/2022","23,185.0","23,187.5","23,201.0","23,186.5","0.02K","0.02%"
"06/06/2022","23,180.0","23,190.0","23,208.5","23,185.0","0.02K","-0.03%"
"06/03/2022","23,187.0","23,198.0","23,204.0","23,184.5","0.02K","-0.03%"
"06/02/2022","23,193.0","23,205.0","23,211.0","23,190.0","0.03K","-0.01%"
"06/01/2022","23,196.0","23,190.0","23,211.0","23,185.0","0.03K","0.05%"
"05/31/2022","23,185.0","23,182.0","23,191.5","23,181.0","0.03K","0.04%"
"05/30/2022","23,176.0","23,187.0","23,205.0","23,178.5","0.03K","-0.08%"
"05/27/2022","23,195.0","23,210.0","23,210.0","23,188.0","0.04K","-0.04%"
"05/26/2022","23,205.0","23,200.0","23,215.0","23,195.0","0.04K","0.06%"
"05/25/2022","23,190.0","23,208.0","23,215.0","23,170.0","0.04K","-0.09%"
"05/24/2022","23,210.0","23,177.5","23,225.0","23,172.5","0.04K","0.17%"
"05/23/2022","23,170.0","23,167.0","23,175.0","23,129.0","0.03K","0.04%"
"05/20/2022","23,160.0","23,169.0","23,178.0","23,129.0","0.03K","0.09%"
"05/19/2022","23,140.0","23,142.5","23,174.5","23,112.0","0.07K","0.00%"
"05/18/2022","23,139.0","23,122.5","23,142.5","23,118.5","0.06K","0.08%"
"05/17/2022","23,120.0","23,097.5","23,175.5","23,085.0","0.09K","0.11%"
"05/16/2022","23,095.0","23,097.5","23,097.5","23,078.0","0.05K","0.04%"
"05/13/2022","23,086.0","23,097.5","23,097.5","23,084.0","0.06K","-0.04%"
"05/12/2022","23,096.0","23,055.0","23,102.5","23,040.0","0.06K","0.20%"
"05/11/2022","23,050.0","22,945.5","23,105.0","22,945.5","0.08K","0.48%"
"05/10/2022","22,941.0","22,952.5","22,962.5","22,937.0","0.06K","-0.04%"
"05/09/2022","22,950.0","22,960.0","22,963.0","22,944.0","0.05K","-0.02%"
"05/06/2022","22,955.0","22,960.5","22,971.5","22,952.0","0.04K","0.00%"
"05/05/2022","22,955.0","22,967.5","22,976.0","22,947.0","0.07K","-0.05%"
"05/04/2022","22,966.0","22,964.5","22,976.5","22,957.5","0.05K","0.02%"
"05/03/2022","22,962.0","22,962.0","22,962.0","22,962.0","","0.00%"
"05/02/2022","22,962.0","22,962.0","22,962.0","22,962.0","","0.00%"
"04/29/2022","22,962.0","22,959.5","22,975.5","22,954.0","0.03K","0.03%"
"04/28/2022","22,956.0","22,961.5","22,968.0","22,948.5","0.06K","-0.04%"
"04/27/2022","22,965.0","22,974.5","22,983.5","22,960.0","0.04K","-0.02%"
"04/26/2022","22,970.0","22,985.0","22,986.0","22,970.0","0.04K","-0.06%"
"04/25/2022","22,983.0","22,971.5","22,986.5","22,963.0","0.04K","0.08%"
"04/22/2022","22,965.0","22,970.5","22,972.5","22,963.0","0.02K","0.01%"
"04/21/2022","22,962.0","22,966.0","22,986.5","22,926.0","0.05K","0.00%"
"04/20/2022","22,962.0","22,962.5","22,986.5","22,916.5","0.05K","0.03%"
"04/19/2022","22,955.0","22,923.5","22,965.0","22,903.0","0.05K","0.28%"
"04/18/2022","22,890.0","22,902.5","22,931.5","22,892.5","0.06K","-0.04%"
"04/15/2022","22,899.0","22,902.0","22,906.5","22,842.5","0.04K","0.00%"
"04/14/2022","22,900.0","22,891.0","22,903.0","22,888.5","0.05K","0.06%"
"04/13/2022","22,887.0","22,894.5","22,943.0","22,875.0","0.04K","0.00%"
"04/12/2022","22,888.0","22,874.5","22,890.5","22,863.0","0.04K","0.12%"
"04/11/2022","22,860.0","22,860.0","22,860.0","22,860.0","","0.00%"
"04/08/2022","22,860.0","22,857.5","22,874.0","22,842.5","0.05K","0.00%"
"04/07/2022","22,859.0","22,866.0","22,875.0","22,840.0","0.06K","-0.03%"
"04/06/2022","22,866.0","22,877.5","22,878.5","22,842.5","0.05K","-0.03%"
"04/05/2022","22,873.0","22,848.5","22,876.5","22,842.5","0.05K","0.12%"
"04/04/2022","22,846.0","22,850.0","22,853.5","22,835.5","0.04K","0.04%"
"04/01/2022","22,837.0","22,839.5","22,855.0","22,832.0","0.04K","0.00%"
"03/31/2022","22,838.0","22,856.5","22,868.0","22,832.0","0.04K","-0.07%"
"03/30/2022","22,854.0","22,878.0","22,879.0","22,852.0","0.05K","-0.05%"
"03/29/2022","22,865.0","22,877.5","22,879.0","22,865.0","0.05K","0.02%"
"03/28/2022","22,860.0","22,872.0","22,877.5","22,842.5","0.04K","0.00%"
"03/25/2022","22,861.0","22,869.5","22,877.0","22,842.5","0.05K","-0.03%"
"03/24/2022","22,869.0","22,874.5","22,880.0","22,842.5","0.05K","-0.01%"
"03/23/2022","22,872.0","22,877.5","22,883.5","22,860.0","0.05K","0.01%"
"03/22/2022","22,870.0","22,870.0","22,877.5","22,842.5","0.03K","0.04%"
"03/21/2022","22,860.0","22,865.0","22,894.5","22,842.5","0.03K","0.00%"
"03/18/2022","22,860.0","22,872.5","22,877.5","22,857.0","0.03K","-0.02%"
"03/17/2022","22,865.0","22,875.5","22,882.0","22,863.5","0.05K","-0.06%"
"03/16/2022","22,879.0","22,879.5","22,886.5","22,866.5","0.05K","0.00%"
"03/15/2022","22,880.0","22,892.5","22,902.5","22,876.5","0.04K","-0.04%"
"03/14/2022","22,890.0","22,850.0","22,902.0","22,836.5","0.04K","0.07%"
"03/11/2022","22,873.0","22,840.0","22,920.0","22,837.5","0.05K","0.17%"
"03/10/2022","22,835.0","22,850.0","22,856.5","22,835.0","0.03K","0.00%"
"03/09/2022","22,835.0","22,847.5","22,852.5","22,834.0","0.03K","-0.04%"
"03/08/2022","22,845.0","22,850.0","22,854.0","22,842.5","0.03K","0.00%"
"03/07/2022","22,845.0","22,845.0","22,862.5","22,837.5","0.03K","0.07%"
"03/04/2022","22,830.0","22,840.0","22,845.0","22,835.0","0.02K","-0.02%"
"03/03/2022","22,835.0","22,845.0","22,855.0","22,818.0","0.03K","-0.02%"
"03/02/2022","22,840.0","22,821.0","22,845.0","22,810.0","0.02K","0.11%"
"03/01/2022","22,815.0","22,810.0","22,821.5","22,805.0","0.02K","0.04%"
"02/28/2022","22,805.0","22,842.5","22,869.5","22,805.0","0.05K","-0.07%"
"02/25/2022","22,820.0","22,845.0","22,845.0","22,815.0","0.03K","-0.09%"
"02/24/2022","22,840.0","22,830.0","22,845.0","22,820.0","0.03K","0.07%"
"02/23/2022","22,825.0","22,825.0","22,837.0","22,823.0","0.02K","0.04%"
"02/22/2022","22,815.0","22,810.0","22,839.0","22,800.0","0.03K","0.07%"
"02/21/2022","22,800.0","22,835.0","22,842.5","22,800.0","0.03K","-0.09%"
"02/18/2022","22,820.0","22,790.0","22,905.0","22,790.0","0.04K","0.15%"
"02/17/2022","22,785.0","22,752.5","22,790.0","22,752.5","0.02K","0.15%"
"02/16/2022","22,750.0","22,752.5","22,765.0","22,745.0","0.03K","0.00%"
"02/15/2022","22,750.0","22,747.5","22,765.0","22,740.0","0.03K","0.11%"
"02/14/2022","22,725.0","22,695.0","22,755.0","22,695.0","0.03K","0.18%"
"02/11/2022","22,685.0","22,684.0","22,700.0","22,675.5","0.02K","0.02%"
"02/10/2022","22,680.0","22,685.0","22,707.5","22,681.5","0.02K","0.00%"
"02/09/2022","22,680.0","22,742.5","22,750.0","22,690.0","0.02K","-0.15%"
"02/08/2022","22,715.0","22,695.0","22,722.5","22,670.0","0.02K","0.22%"
"02/07/2022","22,665.0","22,652.5","22,682.5","22,640.0","0.02K","0.09%"
"02/04/2022","22,645.0","22,645.0","22,645.0","22,645.0","","0.00%"
"02/03/2022","22,645.0","22,645.0","22,645.0","22,645.0","","0.00%"
"02/02/2022","22,645.0","22,645.0","22,645.0","22,645.0","","0.00%"
"02/01/2022","22,645.0","22,645.0","22,645.0","22,645.0","","0.00%"
"01/31/2022","22,645.0","22,645.0","22,645.0","22,645.0","","0.00%"
"01/28/2022","22,645.0","22,650.0","22,670.0","22,637.5","0.02K","0.07%"
"01/27/2022","22,630.0","22,640.0","22,659.5","22,635.0","0.02K","0.00%"
"01/26/2022","22,630.0","22,635.0","22,675.0","22,630.0","0.02K","0.00%"
"01/25/2022","22,630.0","22,635.0","22,702.5","22,635.0","0.03K","-0.20%"
"01/24/2022","22,675.0","22,630.0","22,700.0","22,625.0","0.03K","0.22%"
"01/21/2022","22,625.0","22,650.0","22,675.0","22,617.5","0.04K","-0.09%"
"01/20/2022","22,645.0","22,700.0","22,740.0","22,640.0","0.03K","-0.24%"
"01/19/2022","22,700.0","22,735.0","22,810.0","22,700.0","0.03K","-0.22%"
"01/18/2022","22,750.0","22,750.0","22,815.0","22,730.0","0.03K","0.13%"
"01/17/2022","22,720.0","22,720.0","22,736.5","22,710.0","0.02K","0.04%"
"01/14/2022","22,710.0","22,730.0","22,730.0","22,690.0","0.02K","0.00%"
"01/13/2022","22,710.0","22,702.5","22,715.0","22,685.0","0.02K","0.05%"
"01/12/2022","22,698.0","22,690.0","22,710.0","22,690.0","0.03K","0.00%"
"01/11/2022","22,698.0","22,705.0","22,730.0","22,680.0","0.03K","0.01%"
"01/10/2022","22,695.0","22,752.5","22,760.0","22,675.0","0.03K","0.04%"
"01/07/2022","22,685.0","22,745.0","22,751.5","22,685.0","0.02K","-0.26%"
"01/06/2022","22,745.0","22,757.5","22,811.0","22,747.5","0.02K","-0.04%"
"01/05/2022","22,755.0","22,750.0","22,770.0","22,735.0","0.02K","0.01%"
"01/04/2022","22,752.0","22,770.0","22,782.5","22,750.0","0.02K","-0.32%"
"01/03/2022","22,825.0","22,825.0","22,825.0","22,825.0","","0.00%"
"12/31/2021","22,825.0","22,760.0","22,857.5","22,747.5","0.03K","0.26%"
"12/30/2021","22,765.0","22,822.5","22,840.0","22,770.0","0.02K","-0.24%"
"12/29/2021","22,820.0","22,840.0","22,842.5","22,820.0","0.02K","-0.07%"
"12/28/2021","22,835.0","22,820.0","22,890.0","22,802.5","0.03K","0.11%"
"12/27/2021","22,810.0","22,835.0","22,838.5","22,790.0","0.03K","-0.13%"
"12/24/2021","22,840.0","22,940.0","22,955.0","22,850.0","0.03K","-0.48%"
"12/23/2021","22,950.0","22,970.0","22,980.0","22,920.0","0.03K","-0.02%"
"12/22/2021","22,955.0","22,980.0","22,982.5","22,917.5","0.04K","0.10%"
"12/21/2021","22,933.0","22,935.0","22,936.5","22,885.0","0.03K","0.02%"
"12/20/2021","22,928.0","22,930.0","22,985.0","22,915.0","0.02K","-0.23%"
"12/17/2021","22,980.0","23,035.0","23,035.0","22,910.0","0.04K","-0.04%"
"12/16/2021","22,990.0","23,030.0","23,060.0","22,987.5","0.03K","-0.17%"
"12/15/2021","23,030.0","23,020.0","23,075.0","23,010.0","0.04K","0.13%"
"12/14/2021","23,000.0","22,977.5","23,025.0","22,960.0","0.03K","0.11%"
"12/13/2021","22,975.0","23,051.5","23,051.5","22,960.0","0.02K","-0.22%"
"12/10/2021","23,025.0","23,010.0","23,075.0","22,967.5","0.04K","0.20%"
"12/09/2021","22,980.0","22,937.5","22,997.5","22,910.0","0.03K","0.26%"
"12/08/2021","22,920.0","23,065.0","23,080.0","22,920.0","0.06K","-0.65%"
"12/07/2021","23,070.0","23,075.0","23,120.0","23,015.0","0.04K","0.22%"
"12/06/2021","23,020.0","22,855.0","23,125.0","22,825.0","0.03K","0.83%"
"12/03/2021","22,830.0","22,693.5","22,857.5","22,693.5","0.04K","0.44%"
"12/02/2021","22,730.0","22,715.0","22,735.0","22,696.0","0.02K","0.09%"
"12/01/2021","22,710.0","22,690.0","22,715.0","22,690.0","0.02K","0.10%"
"11/30/2021","22,688.0","22,693.0","22,726.0","22,675.0","0.03K","-0.01%"
"11/29/2021","22,690.0","22,675.0","22,695.0","22,670.0","0.02K","0.05%"
"11/26/2021","22,678.0","22,675.0","22,685.0","22,667.0","0.02K","0.04%"
"11/25/2021","22,670.0","22,685.0","22,690.0","22,669.5","0.03K","-0.04%"
"11/24/2021","22,680.0","22,685.0","22,695.0","22,670.0","0.02K","0.02%"
"11/23/2021","22,675.0","22,670.0","22,680.0","22,665.5","0.02K","0.02%"
"11/22/2021","22,670.0","22,667.5","22,675.0","22,643.5","0.02K","0.06%"
"11/19/2021","22,657.0","22,654.0","22,665.0","22,651.5","0.02K","0.03%"
"11/18/2021","22,650.0","22,665.0","22,665.0","22,647.5","0.02K","0.01%"
"11/17/2021","22,648.0","22,649.5","22,655.5","22,645.0","0.02K","-0.01%"
"11/16/2021","22,650.0","22,650.0","22,655.0","22,645.0","0.02K","0.02%"
"11/15/2021","22,645.0","22,650.0","22,662.0","22,644.5","0.02K","0.02%"
"11/12/2021","22,640.0","22,646.0","22,662.0","22,637.0","0.02K","-0.02%"
"11/11/2021","22,645.0","22,647.5","22,659.0","22,644.0","0.01K","-0.07%"
"11/10/2021","22,660.0","22,661.5","22,667.5","22,657.5","0.01K","-0.01%"
"11/09/2021","22,662.0","22,663.5","22,669.5","22,658.5","0.02K","0.01%"
"11/08/2021","22,660.0","22,672.5","22,685.0","22,657.0","0.03K","-0.09%"
"11/05/2021","22,680.0","22,681.0","22,690.0","22,676.0","0.01K","0.00%"
"11/04/2021","22,680.0","22,680.0","22,723.5","22,680.0","0.01K","-0.29%"
"11/03/2021","22,747.0","22,748.0","22,754.0","22,744.0","0.02K","0.00%"
"11/02/2021","22,748.0","22,749.5","22,758.5","22,742.5","0.02K","-0.01%"
"11/01/2021","22,750.0","22,753.0","22,757.5","22,745.5","0.01K","0.00%"
"10/29/2021","22,750.0","22,753.0","22,756.0","22,745.5","0.01K","0.00%"
"10/28/2021","22,750.0","22,755.0","22,762.5","22,753.0","0.01K","-0.02%"
"10/27/2021","22,755.0","22,755.0","22,764.5","22,752.5","0.01K","-0.01%"
"10/26/2021","22,757.0","22,758.5","22,761.5","22,752.0","0.01K","0.05%"
"10/25/2021","22,745.0","22,755.0","22,759.5","22,750.0","0.02K","-0.04%"
"10/22/2021","22,754.0","22,755.0","22,762.0","22,748.5","0.02K","0.02%"
"10/21/2021","22,750.0","22,754.5","22,762.5","22,751.0","0.01K","-0.02%"
"10/20/2021","22,755.0","22,756.5","22,763.0","22,753.0","","0.00%"
"10/19/2021","22,755.0","22,757.0","22,764.0","22,753.5","0.01K","-0.01%"
"10/18/2021","22,758.0","22,792.5","22,794.0","22,757.0","0.01K","0.00%"
"10/15/2021","22,758.0","22,759.0","22,762.5","22,757.5","0.01K","0.00%"
"10/14/2021","22,757.0","22,760.0","22,765.5","22,752.0","0.02K","0.00%"
"10/13/2021","22,757.0","22,755.0","22,763.5","22,752.0","0.01K","0.00%"
"10/12/2021","22,757.0","22,754.5","22,763.5","22,750.0","0.02K","0.03%"
"10/11/2021","22,750.0","22,759.5","22,764.0","22,752.5","0.02K","-0.03%"
"10/08/2021","22,757.0","22,758.0","22,765.0","22,753.5","0.02K","0.03%"
"10/07/2021","22,750.0","22,760.5","22,766.0","22,753.0","0.02K","0.00%"
"10/06/2021","22,750.0","22,762.0","22,805.0","22,755.5","0.02K","-0.02%"
"10/05/2021","22,754.0","22,758.5","22,764.0","22,753.0","0.02K","-0.01%"
"10/04/2021","22,757.0","22,758.0","22,764.5","22,754.0","0.01K","0.00%"
"10/01/2021","22,757.0","22,760.5","22,765.0","22,754.0","0.02K","0.03%"
"09/30/2021","22,750.0","22,755.5","22,768.5","22,753.0","0.03K","-0.01%"
"09/29/2021","22,753.0","22,768.0","22,768.5","22,755.5","0.03K","-0.04%"
"09/28/2021","22,761.0","22,769.0","22,785.0","22,756.0","0.06K","-0.02%"
"09/27/2021","22,766.0","22,763.0","22,773.5","22,757.0","0.01K","0.03%"
"09/24/2021","22,760.0","22,770.0","22,774.5","22,764.5","0.01K","-0.01%"
"09/23/2021","22,762.0","22,765.0","22,772.5","22,756.0","0.01K","0.01%"
"09/22/2021","22,760.0","22,760.5","22,780.0","22,755.5","0.02K","0.02%"
"09/21/2021","22,755.0","22,764.5","22,781.0","22,760.0","0.01K","-0.06%"
"09/20/2021","22,769.0","22,775.0","22,782.0","22,771.0","0.02K","0.00%"
"09/17/2021","22,770.0","22,756.0","22,772.5","22,754.0","0.01K","0.07%"
"09/16/2021","22,753.0","22,761.0","22,765.0","22,753.0","0.02K","-0.02%"
"09/15/2021","22,758.0","22,757.5","22,766.0","22,754.5","0.02K","0.00%"
"09/14/2021","22,759.0","22,765.0","22,766.5","22,756.5","0.01K","0.00%"
"09/13/2021","22,759.0","22,766.0","22,767.5","22,756.5","0.01K","0.01%"
"09/10/2021","22,757.0","22,764.0","22,767.0","22,754.5","0.02K","-0.04%"
"09/09/2021","22,765.0","22,760.0","22,767.5","22,754.5","0.02K","0.04%"
"09/08/2021","22,757.0","22,764.5","22,769.0","22,751.0","0.02K","0.00%"
"09/07/2021","22,758.0","22,760.5","22,790.0","22,755.0","0.02K","-0.01%"
"09/06/2021","22,760.0","22,772.5","22,781.5","22,762.5","0.03K","0.00%"
"09/03/2021","22,760.0","22,760.0","22,760.0","22,760.0","","0.00%"
"09/02/2021","22,760.0","22,760.0","22,760.0","22,760.0","","0.00%"
"09/01/2021","22,760.0","22,765.0","22,795.0","22,763.0","0.01K","-0.07%"
"08/31/2021","22,775.0","22,782.5","22,785.5","22,771.5","0.01K","0.00%"
"08/30/2021","22,775.0","22,800.0","22,800.5","22,777.5","0.01K","-0.06%"
"08/27/2021","22,789.0","22,785.0","22,794.5","22,777.5","0.02K","0.02%"
"08/26/2021","22,785.0","22,791.0","22,819.0","22,782.5","0.02K","-0.02%"
"08/25/2021","22,790.0","22,815.0","22,830.0","22,792.5","0.02K","-0.13%"
"08/24/2021","22,820.0","22,825.0","22,833.5","22,821.0","0.01K","-0.02%"
"08/23/2021","22,825.0","22,825.0","22,832.5","22,814.5","0.02K","0.02%"
"08/20/2021","22,820.0","22,830.5","22,834.0","22,808.5","0.11K","0.04%"
"08/19/2021","22,812.0","22,805.0","22,837.5","22,805.0","0.13K","0.02%"
"08/18/2021","22,807.0","22,832.5","22,839.0","22,798.0","0.12K","-0.10%"
"08/17/2021","22,830.0","22,805.0","22,840.5","22,805.0","0.12K","0.00%"
"08/16/2021","22,830.0","22,817.5","22,846.0","22,817.5","0.02K","0.00%"
"08/13/2021","22,830.0","22,805.0","22,832.5","22,800.0","0.03K","0.11%"
"08/12/2021","22,805.0","22,800.0","22,845.0","22,785.0","0.10K","-0.02%"
"08/11/2021","22,809.0","22,955.0","22,955.0","22,790.0","0.01K","-0.34%"
"08/10/2021","22,887.0","22,931.0","22,943.0","22,882.0","0.16K","-0.17%"
"08/09/2021","22,925.0","22,930.0","22,966.0","22,920.5","0.08K","-0.01%"
"08/06/2021","22,927.0","22,955.0","22,957.0","22,921.5","0.02K","-0.04%"
"08/05/2021","22,936.0","22,940.0","22,952.0","22,938.0","0.01K","-0.04%"
"08/04/2021","22,945.0","22,945.0","22,957.0","22,930.0","0.02K","-0.02%"
"08/03/2021","22,950.0","22,955.0","22,985.0","22,928.5","0.02K","0.00%"
"08/02/2021","22,950.0","22,955.0","22,961.5","22,952.5","0.01K","0.00%"
"07/30/2021","22,950.0","22,987.5","22,992.5","22,952.5","0.02K","-0.07%"
"07/29/2021","22,965.0","23,020.0","23,020.0","22,966.5","0.02K","-0.15%"
"07/28/2021","22,999.0","23,005.0","23,022.5","22,999.5","0.02K","-0.03%"
"07/27/2021","23,005.0","23,009.5","23,022.5","23,006.5","0.01K","-0.01%"
"07/26/2021","23,008.0","23,007.0","23,022.5","23,004.5","0.02K","0.01%"
"07/23/2021","23,005.0","23,015.5","23,025.0","23,004.5","0.03K","-0.02%"
"07/22/2021","23,010.0","23,022.5","23,025.0","23,009.5","0.01K","-0.05%"
"07/21/2021","23,022.0","23,021.5","23,029.0","23,015.0","0.01K","-0.02%"
"07/20/2021","23,026.0","23,019.0","23,028.5","23,017.5","0.02K","0.03%"
"07/19/2021","23,020.0","23,012.5","23,027.5","23,012.0","0.03K","0.04%"
"07/16/2021","23,011.0","23,004.5","23,016.5","23,000.0","0.02K","0.01%"
"07/15/2021","23,009.0","23,012.5","23,020.0","23,011.0","0.02K","-0.01%"
"07/14/2021","23,011.0","23,012.5","23,021.0","23,012.0","0.03K","0.00%"
"07/13/2021","23,010.0","23,022.5","23,029.0","23,002.5","0.02K","-0.04%"
"07/12/2021","23,020.0","23,004.5","23,022.0","23,000.0","0.02K","0.09%"
"07/09/2021","23,000.0","23,000.0","23,031.5","22,997.5","0.02K","-0.03%"
"07/08/2021","23,007.0","23,020.0","23,032.0","23,006.0","0.02K","-0.03%"
"07/07/2021","23,015.0","23,010.5","23,017.5","22,999.5","0.02K","0.03%"
"07/06/2021","23,007.0","23,004.5","23,016.0","22,992.5","0.02K","0.05%"
"07/05/2021","22,996.0","22,994.5","23,011.5","22,989.5","0.03K","-0.01%"
"07/02/2021","22,998.0","23,005.0","23,025.0","22,999.5","0.02K","-0.05%"
"07/01/2021","23,010.0","23,025.0","23,025.0","23,005.0","0.02K","-0.02%"
"06/30/2021","23,014.0","23,025.0","23,028.0","23,016.0","0.02K","-0.03%"
"06/29/2021","23,020.0","23,025.0","23,030.0","23,014.5","0.02K","0.00%"
"06/28/2021","23,020.0","23,025.0","23,025.0","23,012.0","0.02K","0.00%"
"06/25/2021","23,020.0","23,002.5","23,052.0","23,002.5","0.02K","0.07%"
"06/24/2021","23,003.0","23,007.5","23,030.0","23,002.5","0.01K","-0.07%"
"06/23/2021","23,020.0","23,027.5","23,028.0","23,022.5","0.01K","-0.02%"
"06/22/2021","23,025.0","23,017.5","23,027.5","23,011.0","0.02K","0.05%"
"06/21/2021","23,014.0","22,947.5","23,050.0","22,947.5","0.02K","0.08%"
"06/18/2021","22,995.0","22,972.5","23,015.0","22,949.0","0.02K","0.15%"
"06/17/2021","22,960.0","22,952.0","22,968.0","22,948.5","0.02K","0.06%"
"06/16/2021","22,946.0","22,950.0","22,953.5","22,942.0","0.02K","0.00%"
"06/15/2021","22,947.0","22,951.0","22,956.0","22,946.5","0.01K","0.01%"
"06/14/2021","22,944.0","22,947.5","22,954.0","22,941.0","0.02K","0.00%"
"06/11/2021","22,945.0","22,946.5","22,965.0","22,943.0","0.02K","-0.01%"
"06/10/2021","22,947.0","22,957.5","23,005.0","22,943.0","0.02K","-0.03%"
"06/09/2021","22,955.0","22,955.5","23,010.5","22,955.5","0.02K","0.01%"
"06/08/2021","22,952.0","23,012.0","23,012.5","22,943.5","0.02K","-0.21%"
"06/07/2021","23,000.0","23,051.5","23,055.0","23,005.0","0.02K","-0.19%"
"06/04/2021","23,044.0","23,044.5","23,056.0","23,043.0","0.02K","0.01%"
"06/03/2021","23,041.0","23,042.5","23,053.0","23,042.0","0.01K","0.00%"
"06/02/2021","23,040.0","23,046.0","23,048.0","23,041.5","0.01K","-0.02%"
"06/01/2021","23,044.0","23,046.5","23,062.0","23,042.5","0.02K","0.02%"
"05/31/2021","23,040.0","23,047.5","23,054.0","23,042.5","0.01K","-0.02%"
"05/28/2021","23,045.0","23,049.0","23,057.0","23,043.0","0.02K","0.00%"
"05/27/2021","23,045.0","23,060.5","23,062.0","23,045.0","0.02K","-0.04%"
"05/26/2021","23,055.0","23,054.5","23,062.5","23,050.5","0.02K","-0.02%"
"05/25/2021","23,060.0","23,060.5","23,065.0","23,051.5","0.01K","0.02%"
"05/24/2021","23,056.0","23,054.5","23,060.5","23,047.5","0.01K","0.01%"
"05/21/2021","23,054.0","23,052.5","23,057.5","23,042.0","0.02K","0.04%"
"05/20/2021","23,045.0","23,046.0","23,052.5","23,041.5","0.02K","0.00%"
"05/19/2021","23,045.0","23,043.0","23,051.5","23,042.0","0.02K","0.02%"
"05/18/2021","23,040.0","23,044.5","23,048.0","23,039.0","0.02K","-0.03%"
"05/17/2021","23,046.0","23,052.0","23,054.5","23,041.5","0.02K","-0.01%"
"05/14/2021","23,048.0","23,051.5","23,052.5","23,047.0","0.02K","0.03%"
"05/13/2021","23,040.0","23,062.5","23,070.5","23,045.0","0.02K","-0.06%"
"05/12/2021","23,053.0","23,058.5","23,064.0","23,050.0","0.01K","-0.01%"
"05/11/2021","23,055.0","23,061.0","23,065.0","23,050.0","0.02K","-0.02%"
"05/10/2021","23,060.0","23,059.5","23,066.0","23,049.5","0.02K","0.00%"
"05/07/2021","23,060.0","23,070.5","23,070.5","23,055.5","0.02K","-0.03%"
"05/06/2021","23,067.0","23,066.5","23,071.0","23,047.5","0.01K","0.03%"
"05/05/2021","23,060.0","23,063.5","23,071.0","23,047.5","0.02K","0.04%"
"05/04/2021","23,050.0","23,064.0","23,071.5","23,047.5","0.01K","-0.02%"
"05/03/2021","23,054.0","23,054.0","23,054.0","23,054.0","","0.00%"
"04/30/2021","23,054.0","23,054.0","23,054.0","23,054.0","","0.00%"
"04/29/2021","23,054.0","23,062.5","23,065.0","23,041.0","0.02K","0.03%"
"04/28/2021","23,047.0","23,046.5","23,060.0","23,036.5","0.02K","0.02%"
"04/27/2021","23,042.0","23,048.5","23,058.0","23,040.0","0.02K","0.01%"
"04/26/2021","23,040.0","23,050.5","23,075.0","23,042.5","0.02K","-0.13%"
"04/23/2021","23,070.0","23,071.0","23,075.5","23,057.5","0.02K","0.00%"
"04/22/2021","23,070.0","23,069.0","23,076.0","23,065.0","0.02K","-0.02%"
"04/21/2021","23,074.0","23,074.0","23,074.0","23,074.0","","0.00%"
"04/20/2021","23,074.0","23,077.0","23,080.0","23,068.5","0.02K","0.00%"
"04/19/2021","23,073.0","23,073.5","23,076.5","23,067.0","0.02K","0.03%"
"04/16/2021","23,067.0","23,067.5","23,076.5","23,064.5","0.02K","-0.03%"
"04/15/2021","23,073.0","23,076.0","23,079.0","23,064.5","0.02K","-0.02%"
"04/14/2021","23,078.0","23,077.0","23,081.5","23,066.5","0.02K","0.04%"
"04/13/2021","23,069.0","23,071.0","23,075.5","23,065.5","0.02K","0.01%"
"04/12/2021","23,067.0","23,063.5","23,075.0","23,061.0","0.02K","0.01%"
"04/09/2021","23,065.0","23,075.0","23,086.5","23,064.0","0.02K","-0.09%"
"04/08/2021","23,085.0","23,090.0","23,095.0","23,083.0","0.02K","-0.02%"
"04/07/2021","23,090.0","23,093.0","23,093.5","23,088.0","0.01K","0.00%"
"04/06/2021","23,090.0","23,091.5","23,096.0","23,075.0","0.02K","0.05%"
"04/05/2021","23,079.0","23,079.5","23,083.0","23,069.0","0.01K","0.03%"
"04/02/2021","23,073.0","23,072.0","23,079.5","23,069.0","0.02K","0.03%"
"04/01/2021","23,065.0","23,075.0","23,078.0","23,069.5","0.01K","-0.04%"
"03/31/2021","23,074.0","23,075.0","23,077.5","23,068.5","0.01K","0.02%"
"03/30/2021","23,070.0","23,071.5","23,077.5","23,067.5","0.02K","0.00%"
"03/29/2021","23,070.0","23,090.0","23,092.5","23,069.5","0.02K","-0.06%"
"03/26/2021","23,084.0","23,085.0","23,095.0","23,077.0","0.05K","0.00%"
"03/25/2021","23,084.0","23,080.0","23,092.5","23,072.5","0.02K","0.02%"
"03/24/2021","23,080.0","23,081.5","23,085.5","23,065.0","0.02K","0.04%"
"03/23/2021","23,070.0","23,075.5","23,083.0","23,065.0","0.02K","-0.03%"
"03/22/2021","23,076.0","23,065.0","23,085.0","23,060.0","0.02K","0.01%"
"03/19/2021","23,073.0","23,065.0","23,077.5","23,060.5","0.02K","0.03%"
"03/18/2021","23,065.0","23,061.5","23,070.0","23,054.0","0.02K","0.09%"
"03/17/2021","23,045.0","23,070.0","23,080.5","23,055.0","0.03K","-0.16%"
"03/16/2021","23,082.0","23,076.0","23,083.5","23,064.5","0.09K","0.00%"
"03/15/2021","23,081.0","23,077.0","23,082.0","23,055.0","0.03K","0.11%"
"03/12/2021","23,055.0","23,057.5","23,058.5","23,037.5","0.02K","0.02%"
"03/11/2021","23,051.0","23,052.0","23,059.0","23,032.5","0.02K","0.00%"
"03/10/2021","23,052.0","23,032.5","23,062.5","23,032.5","0.02K","-0.03%"
"03/09/2021","23,060.0","23,032.5","23,062.5","23,030.0","0.02K","0.15%"
"03/08/2021","23,025.0","23,036.5","23,046.0","23,020.5","0.02K","-0.03%"
"03/05/2021","23,033.0","23,025.5","23,040.0","23,016.5","0.02K","0.06%"
"03/04/2021","23,019.0","23,020.5","23,030.5","23,015.0","0.02K","0.00%"
"03/03/2021","23,020.0","23,027.5","23,035.0","23,021.0","0.02K","-0.01%"
"03/02/2021","23,022.0","23,027.5","23,035.0","23,022.0","0.02K","0.01%"
"03/01/2021","23,020.0","23,015.0","23,040.0","23,015.0","0.02K","0.02%"
"02/26/2021","23,015.0","23,022.5","23,027.5","23,007.5","0.02K","-0.04%"
"02/25/2021","23,025.0","23,030.0","23,030.0","23,015.0","0.02K","0.02%"
"02/24/2021","23,020.0","23,024.0","23,030.0","23,019.5","0.02K","-0.02%"
"02/23/2021","23,025.0","23,025.0","23,030.0","23,019.5","0.02K","0.02%"
"02/22/2021","23,020.0","23,023.5","23,029.0","23,015.0","0.02K","0.01%"
"02/19/2021","23,018.0","23,017.5","23,024.0","22,987.5","0.02K","0.01%"
"02/18/2021","23,015.0","23,010.0","23,057.5","23,002.5","0.02K","0.02%"
"02/17/2021","23,010.0","22,987.5","23,024.0","22,987.5","0.01K","0.00%"
"02/16/2021","23,010.0","23,010.0","23,010.0","23,010.0","","0.00%"
"02/15/2021","23,010.0","23,010.0","23,010.0","23,010.0","","0.00%"
"02/12/2021","23,010.0","23,010.0","23,010.0","23,010.0","","0.00%"
"02/11/2021","23,010.0","23,010.0","23,010.0","23,010.0","","0.00%"
"02/10/2021","23,010.0","23,010.0","23,010.0","23,010.0","","0.00%"
"02/09/2021","23,010.0","22,952.5","23,015.0","22,952.5","0.02K","0.17%"
"02/08/2021","22,970.0","22,977.0","23,033.5","22,965.0","0.01K","-0.13%"
"02/05/2021","23,000.0","23,017.5","23,025.0","22,997.0","0.02K","-0.07%"
"02/04/2021","23,015.0","23,025.5","23,030.0","23,019.0","0.02K","-0.02%"
"02/03/2021","23,020.0","23,065.5","23,065.5","23,018.0","0.02K","-0.03%"
"02/02/2021","23,027.0","23,065.5","23,065.5","23,016.0","0.02K","-0.08%"
"02/01/2021","23,045.0","23,037.5","23,052.5","23,033.5","0.01K","-0.01%"
"01/29/2021","23,048.0","23,072.5","23,072.5","23,042.5","0.02K","-0.05%"
"01/28/2021","23,059.0","23,070.0","23,075.0","23,056.0","0.01K","-0.04%"
"01/27/2021","23,069.0","23,072.5","23,075.0","23,064.5","0.01K","0.00%"
"01/26/2021","23,069.0","23,072.5","23,075.0","23,064.5","0.02K","0.04%"
"01/25/2021","23,060.0","23,070.0","23,077.5","23,065.0","0.01K","-0.04%"
"01/22/2021","23,070.0","23,072.5","23,081.5","23,041.0","0.09K","0.04%"
"01/21/2021","23,060.0","23,075.5","23,077.5","23,067.0","0.02K","-0.05%"
"01/20/2021","23,072.0","23,087.5","23,090.0","23,066.0","0.02K","0.01%"
"01/19/2021","23,069.0","23,070.5","23,075.0","23,065.0","0.02K","0.00%"
"01/18/2021","23,069.0","23,100.0","23,100.0","23,063.5","0.02K","0.02%"
"01/15/2021","23,065.0","23,067.0","23,075.0","23,058.5","0.02K","0.00%"
"01/14/2021","23,064.0","23,069.0","23,070.5","23,062.5","0.01K","0.00%"
"01/13/2021","23,064.0","23,072.5","23,072.5","23,057.0","0.01K","0.00%"
"01/12/2021","23,065.0","23,071.0","23,072.5","23,062.5","0.01K","0.07%"
"01/11/2021","23,050.0","23,070.0","23,080.0","23,057.5","0.01K","-0.07%"
"01/08/2021","23,066.0","23,079.0","23,084.0","23,063.5","0.02K","-0.05%"
"01/07/2021","23,078.0","23,092.0","23,130.0","23,075.0","0.02K","-0.05%"
"01/06/2021","23,090.0","23,091.5","23,098.0","23,086.5","0.02K","0.04%"
"01/05/2021","23,080.0","23,099.0","23,125.5","23,080.0","0.02K","0.04%"
"01/04/2021","23,070.0","23,100.0","23,100.0","23,077.0","","0.00%"
"01/01/2021","23,070.0","23,070.0","23,070.0","23,070.0","","0.00%"
"12/31/2020","23,070.0","23,091.5","23,111.0","23,077.5","0.02K","-0.08%"
"12/30/2020","23,088.0","23,090.5","23,135.0","23,075.0","0.02K","-0.14%"
"12/29/2020","23,120.0","23,124.0","23,135.0","23,121.5","0.02K","-0.02%"
"12/28/2020","23,125.0","23,125.0","23,149.5","23,124.0","0.01K","-0.02%"
"12/25/2020","23,130.0","23,127.0","23,154.5","23,124.5","0.02K","0.02%"
"12/24/2020","23,125.0","23,129.0","23,140.5","23,127.0","0.02K","-0.02%"
"12/23/2020","23,130.0","23,126.0","23,140.0","23,123.5","0.02K","0.01%"
"12/22/2020","23,127.0","23,130.0","23,137.0","23,124.0","0.01K","0.03%"
"12/21/2020","23,120.0","23,125.0","23,132.5","23,122.5","0.01K","-0.02%"
"12/18/2020","23,124.0","23,125.0","23,132.0","23,120.0","0.01K","0.02%"
"12/17/2020","23,120.0","23,124.0","23,135.5","23,119.5","0.02K","-0.03%"
"12/16/2020","23,126.0","23,126.0","23,136.0","23,125.8","0.02K","0.00%"
"12/15/2020","23,126.0","23,152.5","23,153.5","23,126.0","0.02K","0.00%"
"12/14/2020","23,126.0","23,178.5","23,178.5","23,126.0","0.02K","-0.01%"
"12/11/2020","23,128.0","23,178.5","23,178.5","23,127.0","0.02K","0.00%"
"12/10/2020","23,128.0","23,130.0","23,137.5","23,127.0","0.02K","0.00%"
"12/09/2020","23,128.0","23,131.5","23,137.5","23,127.0","0.01K","0.00%"
"12/08/2020","23,128.0","23,129.5","23,137.5","23,127.0","0.01K","0.00%"
"12/07/2020","23,127.0","23,130.0","23,137.5","23,126.5","0.01K","-0.01%"
"12/04/2020","23,130.0","23,131.0","23,137.5","23,128.0","0.01K","0.02%"
"12/03/2020","23,125.0","23,129.0","23,137.5","23,119.5","0.01K","-0.02%"
"12/02/2020","23,129.0","23,130.0","23,141.0","23,123.0","0.06K","0.00%"
"12/01/2020","23,129.0","23,132.0","23,142.5","23,125.0","0.14K","-0.05%"
"11/30/2020","23,140.0","23,178.5","23,178.5","23,132.5","0.02K","-0.09%"
"11/27/2020","23,160.0","23,161.5","23,182.5","23,155.0","0.01K","-0.02%"
"11/26/2020","23,164.0","23,165.5","23,167.0","23,157.5","0.02K","0.02%"
"11/25/2020","23,160.0","23,165.0","23,167.5","23,151.5","0.02K","0.04%"
"11/24/2020","23,151.0","23,151.0","23,180.0","23,151.0","0.02K","-0.11%"
"11/23/2020","23,177.0","23,169.0","23,186.0","23,168.5","0.02K","0.00%"
"11/20/2020","23,176.0","23,181.0","23,186.0","23,173.5","0.02K","0.00%"
"11/19/2020","23,176.0","23,177.0","23,183.0","23,171.0","0.02K","0.07%"
"11/18/2020","23,160.0","23,172.5","23,183.0","23,163.0","0.02K","-0.01%"
"11/17/2020","23,163.0","23,167.0","23,183.0","23,162.5","0.01K","-0.05%"
"11/16/2020","23,175.0","23,176.0","23,183.0","23,173.0","0.02K","0.00%"
"11/13/2020","23,175.0","23,176.0","23,185.0","23,172.5","0.02K","0.00%"
"11/12/2020","23,175.0","23,175.0","23,176.0","23,174.5","0.01K","0.00%"
"11/11/2020","23,175.0","23,174.5","23,182.5","23,172.5","0.02K","0.01%"
"11/10/2020","23,173.0","23,176.0","23,182.5","23,172.5","0.02K","0.01%"
"11/09/2020","23,170.0","23,175.0","23,182.5","23,172.5","0.02K","-0.03%"
"11/06/2020","23,176.0","23,174.0","23,185.0","23,172.5","0.02K","0.00%"
"11/05/2020","23,175.0","23,176.5","23,183.0","23,173.0","0.01K","0.00%"
"11/04/2020","23,176.0","23,177.0","23,178.5","23,176.0","0.01K","0.00%"
"11/03/2020","23,176.0","23,178.0","23,188.0","23,172.0","0.03K","0.00%"
"11/02/2020","23,177.0","23,178.5","23,183.5","23,173.5","0.02K","-0.01%"
"10/30/2020","23,180.0","23,176.0","23,185.5","23,173.5","0.02K","0.04%"
"10/29/2020","23,170.0","23,179.5","23,186.0","23,175.0","0.02K","-0.03%"
"10/28/2020","23,176.0","23,176.5","23,183.5","23,173.0","0.02K","0.00%"
"10/27/2020","23,175.0","23,175.5","23,183.0","23,173.0","0.02K","0.00%"
"10/26/2020","23,175.0","23,178.5","23,183.5","23,172.5","0.02K","0.00%"
"10/23/2020","23,176.0","23,177.0","23,185.0","23,173.5","0.01K","0.00%"
"10/22/2020","23,176.0","23,180.0","23,180.0","23,176.0","0.01K","0.00%"
"10/21/2020","23,177.0","23,178.0","23,182.0","23,178.0","0.01K","-0.01%"
"10/20/2020","23,179.0","23,178.5","23,184.5","23,174.0","0.02K","0.02%"
"10/19/2020","23,175.0","23,181.0","23,183.5","23,173.0","0.02K","0.00%"
"10/16/2020","23,175.0","23,182.5","23,185.0","23,173.0","0.01K","0.02%"
"10/15/2020","23,170.0","23,176.0","23,183.5","23,173.0","0.02K","-0.02%"
"10/14/2020","23,175.0","23,176.0","23,183.5","23,173.0","0.02K","-0.01%"
"10/13/2020","23,177.0","23,178.0","23,185.5","23,174.0","0.01K","0.00%"
"10/12/2020","23,178.0","23,183.5","23,207.5","23,174.0","0.03K","-0.01%"
"10/09/2020","23,180.0","23,184.0","23,207.5","23,181.5","0.02K","-0.05%"
"10/08/2020","23,191.0","23,194.5","23,207.5","23,190.0","0.04K","-0.06%"
"10/07/2020","23,205.0","23,204.0","23,209.0","23,192.0","0.02K","0.00%"
"10/06/2020","23,205.0","23,207.0","23,209.5","23,191.0","0.02K","0.01%"
"10/05/2020","23,203.0","23,185.5","23,206.5","23,173.0","0.02K","0.05%"
"10/02/2020","23,191.0","23,180.0","23,195.0","23,173.0","0.02K","0.01%"
"10/01/2020","23,188.0","23,184.0","23,191.5","23,175.0","0.02K","0.03%"
"09/30/2020","23,181.0","23,182.5","23,187.0","23,173.0","0.02K","-0.04%"
"09/29/2020","23,190.0","23,189.0","23,191.0","23,176.0","0.02K","0.01%"
"09/28/2020","23,188.0","23,192.5","23,195.5","23,172.5","0.02K","-0.01%"
"09/25/2020","23,191.0","23,197.5","23,197.5","23,177.5","0.02K","0.03%"
"09/24/2020","23,184.0","23,180.0","23,187.5","23,173.0","0.02K","0.00%"
"09/23/2020","23,185.0","23,175.0","23,187.5","23,173.0","0.02K","0.03%"
"09/22/2020","23,177.0","23,179.0","23,184.5","23,173.0","0.02K","0.00%"
"09/21/2020","23,178.0","23,180.0","23,186.0","23,173.0","0.04K","0.03%"
"09/18/2020","23,170.0","23,180.0","23,185.0","23,173.0","0.01K","0.00%"
"09/17/2020","23,170.0","23,175.5","23,183.5","23,173.0","0.02K","-0.03%"
"09/16/2020","23,178.0","23,177.5","23,184.0","23,173.0","0.02K","0.01%"
"09/15/2020","23,175.0","23,177.0","23,178.0","23,175.0","0.02K","0.00%"
"09/14/2020","23,175.0","23,182.0","23,185.5","23,172.5","0.02K","0.00%"
"09/11/2020","23,174.0","23,180.0","23,183.0","23,172.5","0.02K","0.01%"
"09/10/2020","23,172.5","23,176.0","23,185.0","23,173.0","0.02K","-0.01%"
"09/09/2020","23,175.0","23,182.0","23,187.5","23,173.0","0.02K","0.00%"
"09/08/2020","23,176.0","23,178.5","23,184.0","23,173.0","0.02K","0.01%"
"09/07/2020","23,174.0","23,180.0","23,184.0","23,172.5","0.02K","-0.02%"
"09/04/2020","23,178.0","23,175.0","23,184.0","23,171.0","0.02K","0.02%"
"09/03/2020","23,174.0","23,174.0","23,177.0","23,171.0","0.02K","0.00%"
"09/02/2020","23,174.0","23,174.0","23,174.0","23,174.0","","0.00%"
"09/01/2020","23,174.0","23,174.5","23,182.0","23,172.0","0.02K","0.00%"
"08/31/2020","23,174.0","23,175.0","23,182.0","23,171.0","0.02K","0.00%"
"08/28/2020","23,174.0","23,175.0","23,182.5","23,171.0","0.01K","0.00%"
"08/27/2020","23,174.0","23,175.0","23,182.5","23,172.5","0.01K","0.00%"
"08/26/2020","23,174.0","23,175.5","23,182.5","23,171.0","0.02K","0.02%"
"08/25/2020","23,170.0","23,178.0","23,183.5","23,171.0","0.02K","-0.03%"
"08/24/2020","23,177.0","23,187.5","23,187.5","23,174.5","0.02K","0.01%"
"08/21/2020","23,175.0","23,175.5","23,183.0","23,173.0","0.02K","0.00%"
"08/20/2020","23,174.0","23,175.5","23,182.5","23,172.5","0.02K","0.00%"
"08/19/2020","23,174.0","23,174.5","23,177.5","23,172.5","0.01K","0.00%"
"08/18/2020","23,174.0","23,174.5","23,182.5","23,172.5","0.01K","0.00%"
"08/17/2020","23,174.0","23,187.5","23,187.5","23,170.0","0.02K","0.00%"
"08/14/2020","23,174.0","23,176.0","23,184.0","23,172.5","0.01K","0.00%"
"08/13/2020","23,174.0","23,179.0","23,184.0","23,172.5","0.02K","0.00%"
"08/12/2020","23,175.0","23,174.5","23,183.0","23,172.5","0.01K","0.00%"
"08/11/2020","23,174.0","23,175.0","23,182.0","23,172.5","0.01K","0.02%"
"08/10/2020","23,170.0","23,175.0","23,200.0","23,172.5","0.02K","-0.01%"
"08/07/2020","23,173.0","23,180.0","23,182.5","23,172.5","0.02K","0.00%"
"08/06/2020","23,173.0","23,175.0","23,182.5","23,172.5","0.01K","0.00%"
"08/05/2020","23,174.0","23,174.5","23,182.5","23,172.5","0.01K","0.00%"
"08/04/2020","23,175.0","23,174.5","23,183.0","23,172.5","0.02K","0.02%"
"08/03/2020","23,170.0","23,180.0","23,183.0","23,169.0","0.02K","0.00%"
"07/31/2020","23,170.0","23,177.0","23,183.5","23,173.0","0.01K","-0.02%"
"07/30/2020","23,175.0","23,175.0","23,183.0","23,173.0","0.02K","0.00%"
"07/29/2020","23,175.0","23,180.0","23,184.5","23,173.5","0.02K","0.02%"
"07/28/2020","23,170.0","23,176.5","23,200.0","23,174.0","0.01K","-0.05%"
"07/27/2020","23,181.0","23,187.5","23,187.5","23,178.5","0.02K","0.03%"
"07/24/2020","23,175.0","23,180.0","23,186.5","23,173.0","0.01K","-0.02%"
"07/23/2020","23,180.0","23,183.0","23,186.0","23,176.0","0.02K","-0.02%"
"07/22/2020","23,184.0","23,187.5","23,195.0","23,175.5","0.02K","0.02%"
"07/21/2020","23,180.0","23,183.0","23,190.0","23,176.0","0.02K","-0.03%"
"07/20/2020","23,188.0","23,190.0","23,195.5","23,179.0","0.02K","-0.01%"
"07/17/2020","23,191.0","23,195.0","23,195.5","23,177.5","0.02K","0.03%"
"07/16/2020","23,184.0","23,185.0","23,187.5","23,176.5","0.01K","0.00%"
"07/15/2020","23,183.0","23,180.0","23,192.5","23,175.5","0.02K","0.01%"
"07/14/2020","23,181.0","23,185.5","23,232.5","23,175.0","0.02K","0.01%"
"07/13/2020","23,179.0","23,193.5","23,197.5","23,175.0","0.02K","0.01%"
"07/10/2020","23,177.0","23,192.5","23,204.5","23,173.0","0.02K","-0.03%"
"07/09/2020","23,184.0","23,191.0","23,206.0","23,183.5","0.02K","-0.02%"
"07/08/2020","23,188.0","23,205.0","23,210.0","23,185.0","0.02K","0.03%"
"07/07/2020","23,180.0","23,197.5","23,211.5","23,183.0","0.02K","-0.09%"
"07/06/2020","23,201.0","23,201.5","23,207.5","23,198.0","0.02K","0.01%"
"07/03/2020","23,199.0","23,199.5","23,210.0","23,197.5","0.01K","-0.01%"
"07/02/2020","23,202.0","23,205.0","23,210.0","23,195.0","0.02K","0.00%"
"07/01/2020","23,203.0","23,205.0","23,213.5","23,198.5","0.02K","0.00%"
"06/30/2020","23,204.0","23,205.0","23,210.0","23,199.0","0.02K","0.03%"
"06/29/2020","23,198.0","23,211.0","23,216.0","23,197.5","0.02K","-0.05%"
"06/26/2020","23,210.0","23,211.0","23,219.0","23,200.0","0.02K","0.01%"
"06/25/2020","23,208.0","23,205.0","23,220.5","23,200.0","0.02K","0.06%"
"06/24/2020","23,195.0","23,222.0","23,223.0","23,204.0","0.02K","-0.08%"
"06/23/2020","23,213.0","23,215.0","23,219.0","23,207.5","0.02K","0.01%"
"06/22/2020","23,210.0","23,212.5","23,220.0","23,207.5","0.01K","-0.02%"
"06/19/2020","23,215.0","23,208.0","23,225.0","23,194.0","0.03K","0.02%"
"06/18/2020","23,210.0","23,206.5","23,218.0","23,193.5","0.01K","0.06%"
"06/17/2020","23,196.0","23,198.5","23,240.0","23,194.0","0.02K","-0.06%"
"06/16/2020","23,210.0","23,222.0","23,235.5","23,206.5","0.02K","-0.04%"
"06/15/2020","23,220.0","23,222.5","23,243.0","23,205.0","0.02K","0.06%"
"06/12/2020","23,206.0","23,217.5","23,225.0","23,199.0","0.02K","-0.04%"
"06/11/2020","23,215.0","23,200.0","23,217.5","23,190.0","0.01K","0.11%"
"06/10/2020","23,190.0","23,200.0","23,220.0","23,186.5","0.02K","-0.06%"
"06/09/2020","23,205.0","23,232.0","23,265.0","23,202.0","0.02K","-0.22%"
"06/08/2020","23,255.0","23,257.5","23,265.0","23,239.5","0.02K","0.00%"
"06/05/2020","23,255.0","23,255.5","23,262.0","23,250.0","0.01K","-0.03%"
"06/04/2020","23,263.0","23,264.5","23,274.0","23,257.5","0.02K","0.01%"
"06/03/2020","23,260.0","23,262.5","23,273.0","23,252.5","0.02K","0.03%"
"06/02/2020","23,253.0","23,257.5","23,282.0","23,247.5","0.02K","-0.03%"
"06/01/2020","23,260.0","23,281.5","23,301.0","23,254.0","0.03K","-0.09%"
"05/29/2020","23,280.0","23,281.0","23,305.0","23,275.0","0.02K","-0.09%"
"05/28/2020","23,300.0","23,295.0","23,329.0","23,287.5","0.02K","-0.11%"
"05/27/2020","23,325.0","23,324.0","23,331.5","23,300.0","0.02K","-0.05%"
"05/26/2020","23,336.0","23,301.0","23,338.0","23,301.0","0.25K","0.10%"
"05/25/2020","23,312.0","23,277.5","23,320.0","23,272.5","0.13K","0.19%"
"05/22/2020","23,267.0","23,271.0","23,282.0","23,252.5","0.02K","-0.03%"
"05/21/2020","23,275.0","23,272.5","23,285.0","23,252.5","0.02K","0.02%"
"05/20/2020","23,270.0","23,297.5","23,311.5","23,271.0","0.02K","-0.11%"
"05/19/2020","23,295.0","23,317.5","23,370.0","23,292.5","0.02K","-0.18%"
"05/18/2020","23,338.0","23,349.0","23,360.0","23,335.0","0.02K","-0.07%"
"05/15/2020","23,355.0","23,355.0","23,371.5","23,351.0","0.02K","0.02%"
"05/14/2020","23,350.0","23,374.5","23,386.0","23,349.0","0.02K","0.01%"
"05/13/2020","23,347.0","23,375.0","23,380.0","23,334.0","0.02K","0.07%"
"05/12/2020","23,330.0","23,331.0","23,382.5","23,318.0","0.02K","0.03%"
"05/11/2020","23,322.0","23,382.5","23,405.0","23,318.0","0.02K","-0.24%"
"05/08/2020","23,377.0","23,475.0","23,475.0","23,373.5","0.02K","-0.20%"
"05/07/2020","23,425.0","23,422.5","23,432.5","23,421.5","0.01K","0.01%"
"05/06/2020","23,423.0","23,420.0","23,437.5","23,418.0","0.02K","0.01%"
"05/05/2020","23,421.0","23,424.0","23,427.5","23,419.5","0.02K","-0.10%"
"05/04/2020","23,445.0","23,475.0","23,475.0","23,439.0","0.01K","0.07%"
"05/01/2020","23,428.0","23,428.0","23,428.0","23,428.0","","0.00%"
"04/30/2020","23,428.0","23,428.0","23,428.0","23,428.0","","0.00%"
"04/29/2020","23,428.0","23,450.0","23,450.0","23,423.5","0.02K","-0.06%"
"04/28/2020","23,442.0","23,465.0","23,477.5","23,440.0","0.03K","-0.06%"
"04/27/2020","23,455.0","23,497.5","23,510.0","23,454.0","0.02K","-0.21%"
"04/24/2020","23,505.0","23,502.0","23,518.0","23,493.5","0.09K","0.09%"
"04/23/2020","23,485.0","23,489.0","23,524.0","23,452.5","0.33K","0.03%"
"04/22/2020","23,479.0","23,490.0","23,500.0","23,460.0","0.02K","0.08%"
"04/21/2020","23,460.0","23,460.0","23,465.0","23,447.5","0.01K","0.04%"
"04/20/2020","23,450.0","23,422.5","23,455.0","23,422.5","0.02K","0.11%"
"04/17/2020","23,424.0","23,460.0","23,460.0","23,418.5","0.02K","-0.07%"
"04/16/2020","23,440.0","23,448.0","23,465.0","23,437.5","0.02K","0.00%"
"04/15/2020","23,440.0","23,470.5","23,478.5","23,442.5","0.02K","-0.13%"
"04/14/2020","23,471.0","23,460.0","23,475.5","23,435.0","0.03K","0.17%"
"04/13/2020","23,432.0","23,437.5","23,460.0","23,420.0","0.12K","-0.01%"
"04/10/2020","23,435.0","23,491.0","23,517.0","23,420.0","0.02K","-0.23%"
"04/09/2020","23,488.0","23,514.0","23,532.0","23,471.0","0.17K","-0.26%"
"04/08/2020","23,550.0","23,460.0","23,565.0","23,460.0","0.03K","0.43%"
"04/07/2020","23,450.0","23,460.0","23,470.0","23,447.5","0.02K","0.04%"
"04/06/2020","23,440.0","23,555.0","23,555.0","23,450.0","0.01K","-0.47%"
"04/03/2020","23,550.0","23,560.0","23,605.0","23,481.0","0.06K","-0.17%"
"04/02/2020","23,590.0","23,590.0","23,590.0","23,590.0","","0.00%"
"04/01/2020","23,590.0","23,590.0","23,628.0","23,587.5","0.02K","-0.11%"
"03/31/2020","23,616.0","23,622.5","23,635.0","23,612.0","0.06K","-0.10%"
"03/30/2020","23,640.0","23,627.5","23,642.5","23,618.0","0.02K","0.08%"
"03/27/2020","23,620.0","23,624.0","23,640.0","23,617.0","0.02K","0.00%"
"03/26/2020","23,620.0","23,640.0","23,645.0","23,597.5","0.02K","0.08%"
"03/25/2020","23,600.0","23,590.0","23,630.0","23,565.0","0.02K","0.08%"
"03/24/2020","23,580.0","23,635.0","23,651.0","23,587.5","0.01K","0.17%"
"03/23/2020","23,540.0","23,460.0","23,558.5","23,460.0","0.01K","0.36%"
"03/20/2020","23,455.0","23,412.5","23,472.5","23,369.5","0.01K","0.43%"
"03/19/2020","23,354.0","23,295.0","23,430.0","23,246.5","0.02K","0.31%"
"03/18/2020","23,282.0","23,248.0","23,285.0","23,241.0","","0.19%"
"03/17/2020","23,238.0","23,220.0","23,255.0","23,214.5","0.02K","0.06%"
"03/16/2020","23,225.0","23,220.0","23,236.0","23,214.5","0.02K","0.07%"
"03/13/2020","23,208.0","23,172.5","23,223.5","23,172.5","0.02K","0.06%"
"03/12/2020","23,195.0","23,180.0","23,196.5","23,171.5","0.02K","0.10%"
"03/11/2020","23,172.0","23,175.0","23,183.0","23,171.5","0.02K","-0.01%"
"03/10/2020","23,174.0","23,174.5","23,210.0","23,172.5","0.02K","0.01%"
"03/09/2020","23,172.0","23,207.5","23,218.0","23,173.5","0.03K","-0.14%"
"03/06/2020","23,205.0","23,220.0","23,220.0","23,199.5","0.01K","-0.02%"
"03/05/2020","23,210.0","23,209.0","23,227.5","23,201.0","0.05K","0.02%"
"03/04/2020","23,206.0","23,226.0","23,232.0","23,202.0","0.09K","-0.05%"
"03/03/2020","23,218.0","23,225.0","23,241.0","23,216.5","0.02K","-0.09%"
"03/02/2020","23,240.0","23,239.0","23,243.5","23,225.5","0.02K","0.00%"
"02/28/2020","23,240.0","23,240.0","23,245.5","23,230.5","0.01K","0.00%"
"02/27/2020","23,240.0","23,241.0","23,259.5","23,222.5","0.02K","0.00%"
"02/26/2020","23,240.0","23,270.0","23,280.0","23,236.0","0.02K","-0.13%"
"02/25/2020","23,270.0","23,290.0","23,290.0","23,250.0","0.01K","0.10%"
"02/24/2020","23,247.0","23,246.0","23,255.5","23,240.0","0.03K","0.02%"
"02/21/2020","23,242.0","23,239.0","23,251.5","23,230.0","0.02K","0.03%"
"02/20/2020","23,236.0","23,240.0","23,288.5","23,226.0","0.06K","0.05%"
"02/19/2020","23,225.0","23,230.0","23,248.0","23,225.5","0.13K","-0.06%"
"02/18/2020","23,239.0","23,230.0","23,245.0","23,225.0","0.03K","0.05%"
"02/17/2020","23,228.0","23,250.5","23,253.5","23,224.5","0.03K","-0.07%"
"02/14/2020","23,245.0","23,237.5","23,254.0","23,230.0","0.02K","0.03%"
"02/13/2020","23,239.0","23,241.5","23,242.5","23,221.5","0.03K","-0.05%"
"02/12/2020","23,250.0","23,226.5","23,255.0","23,219.5","0.04K","0.04%"
"02/11/2020","23,240.0","23,225.0","23,262.5","23,217.5","0.02K","-0.08%"
"02/10/2020","23,258.0","23,255.0","23,262.5","23,214.5","0.02K","0.12%"
"02/07/2020","23,230.0","23,242.0","23,242.5","23,219.5","0.02K","0.04%"
"02/06/2020","23,221.0","23,223.0","23,228.5","23,217.0","0.02K","0.00%"
"02/05/2020","23,220.0","23,255.0","23,267.0","23,217.5","0.14K","-0.04%"
"02/04/2020","23,230.0","23,255.0","23,267.5","23,234.0","0.01K","-0.09%"
"02/03/2020","23,250.0","23,255.0","23,278.0","23,220.0","0.01K","0.12%"
"01/31/2020","23,222.0","23,180.0","23,228.0","23,168.0","0.04K","0.17%"
"01/30/2020","23,182.0","23,180.0","23,186.5","23,169.0","0.01K","0.06%"
"01/29/2020","23,169.0","23,169.0","23,169.0","23,169.0","","0.00%"
"01/28/2020","23,169.0","23,169.0","23,169.0","23,169.0","","0.00%"
"01/27/2020","23,169.0","23,169.0","23,169.0","23,169.0","","0.00%"
"01/24/2020","23,169.0","23,169.0","23,169.0","23,169.0","","0.00%"
"01/23/2020","23,169.0","23,169.0","23,169.0","23,169.0","","0.00%"
"01/22/2020","23,169.0","23,171.0","23,204.5","23,167.5","0.02K","0.00%"
"01/21/2020","23,170.0","23,170.0","23,174.0","23,167.5","0.02K","0.00%"
"01/20/2020","23,169.0","23,170.0","23,172.5","23,167.5","0.01K","0.00%"
"01/17/2020","23,170.0","23,170.0","23,175.5","23,164.0","0.02K","0.00%"
"01/16/2020","23,171.0","23,171.0","23,177.5","23,169.0","0.03K","0.00%"
"01/15/2020","23,170.0","23,175.0","23,177.5","23,172.5","0.01K","-0.02%"
"01/14/2020","23,175.0","23,174.0","23,177.5","23,172.0","0.02K","0.01%"
"01/13/2020","23,173.0","23,174.0","23,177.0","23,172.0","0.01K","-0.01%"
"01/10/2020","23,176.0","23,174.0","23,205.0","23,172.0","0.05K","0.01%"
"01/09/2020","23,173.0","23,180.0","23,180.0","23,173.5","0.02K","-0.01%"
"01/08/2020","23,175.0","23,178.0","23,181.0","23,174.0","0.02K","0.00%"
"01/07/2020","23,175.0","23,175.0","23,179.0","23,172.5","0.01K","0.00%"
"01/06/2020","23,176.0","23,177.0","23,178.0","23,171.5","0.01K","0.02%"
"01/03/2020","23,171.0","23,173.5","23,174.5","23,169.0","0.02K","0.01%"
"01/02/2020","23,168.0","23,171.0","23,175.5","23,168.5","0.02K","-0.01%"
"01/01/2020","23,171.0","23,171.0","23,171.0","23,171.0","","0.00%"